cell_id,insta_advertising,insta_beverage,insta_car,insta_entertainment,insta_family,insta_fashion,insta_food,insta_interiors,insta_landscape,insta_monochrome,insta_nature,insta_portait,insta_sky,insta_sports
2239,0,0,0,0,2,0,0,0,0,0,0,0,0,0
2245,0,0,0,0,1,0,0,0,2,0,0,0,0,0
3765,1,0,0,0,0,0,0,0,0,0,0,0,0,0
5626,0,0,0,0,0,0,0,0,1,0,0,0,0,0
5686,0,0,0,0,0,0,0,0,1,1,1,0,0,0
6580,0,0,0,0,0,0,0,0,0,0,1,0,0,0
6652,0,1,2,0,3,1,3,0,19,0,4,1,5,2
6836,0,1,0,0,0,0,0,0,1,0,0,0,0,0
7027,0,1,1,0,1,0,0,0,2,0,0,0,0,1
7245,0,0,0,0,0,0,0,0,0,0,0,1,0,0
8188,0,1,3,0,1,0,4,0,10,0,2,0,2,1
8226,0,1,1,0,0,0,1,0,15,3,1,1,1,0
8617,0,0,0,0,0,0,0,0,0,0,0,0,1,0
9565,0,0,1,0,2,0,0,0,1,0,0,0,0,0
10127,0,0,0,0,0,1,0,0,1,0,0,0,0,0
10576,0,0,1,0,0,0,0,0,8,0,1,0,0,0
11249,0,0,3,0,4,0,0,0,12,0,1,0,3,0
15562,0,1,0,3,3,6,2,3,1,5,1,7,1,0
16750,1,0,0,0,0,0,0,0,0,0,0,0,0,0
16779,0,0,0,0,0,0,0,0,0,0,1,0,0,0
16987,0,0,0,0,2,0,0,0,0,0,0,0,0,0
17592,1,0,0,0,0,8,1,0,2,2,1,0,0,0
18244,0,0,0,0,0,0,0,0,1,0,0,0,0,0
19299,0,0,0,0,6,0,0,1,31,0,9,0,1,0
19746,0,0,0,0,1,0,0,0,3,0,2,0,0,0
20211,0,0,0,0,0,0,0,0,1,0,0,0,0,0
20496,3,0,0,0,2,0,0,1,2,2,2,1,0,2
20500,0,0,1,0,0,0,0,0,2,0,1,1,0,0
20896,0,0,0,0,1,1,0,0,0,0,0,1,0,0
20996,0,0,0,1,0,0,0,0,1,0,0,0,1,1
22592,0,0,1,0,0,0,0,0,3,0,0,0,0,0
22762,0,0,0,0,2,0,0,1,0,0,0,0,0,0
23130,4,1,0,0,0,15,1,2,1,4,2,2,0,0
23131,0,0,1,0,2,0,0,1,0,0,0,0,0,0
23132,1,0,0,0,5,0,0,0,0,0,0,0,0,0
23258,0,0,0,0,0,0,1,0,0,0,0,0,0,0
23355,0,0,0,0,0,0,0,0,1,0,0,0,0,0
24479,1,0,0,0,0,0,0,1,0,0,1,0,1,1
24652,1,1,0,0,3,2,0,2,3,1,0,2,9,0
24653,11,1,3,0,2,1,0,5,10,0,2,2,7,1
24845,0,0,0,0,0,0,0,0,0,0,0,1,0,0
25049,0,0,2,0,0,0,0,0,25,2,0,0,0,0
25212,0,0,1,0,0,0,0,0,1,0,0,0,0,0
25271,0,0,0,1,0,0,0,0,0,0,0,0,0,0
26066,0,0,0,0,0,0,0,0,1,0,0,0,0,0
26391,0,0,0,0,0,0,0,0,2,1,1,0,0,0
27678,0,1,0,0,0,0,0,0,3,0,0,1,1,0
27793,1,0,16,0,12,2,2,9,117,10,21,23,16,12
27794,0,0,2,0,1,1,0,0,24,1,7,0,1,1
27814,0,0,1,0,0,1,0,0,3,0,1,0,0,0
27820,0,0,2,0,6,1,0,0,0,0,1,0,0,0
28077,0,0,0,0,3,0,0,0,1,0,0,0,0,0
28255,0,0,0,0,1,0,0,0,2,0,2,2,1,3
29954,0,0,0,0,0,0,0,0,0,1,2,0,1,0
29988,0,0,0,0,0,0,0,0,1,0,0,0,0,0
30170,0,0,2,0,0,0,0,0,3,0,0,0,0,0
30821,3,0,0,0,1,1,0,2,5,1,1,3,4,0
31245,0,1,0,0,0,0,0,0,6,0,2,0,0,0
32893,0,0,2,0,0,0,0,0,1,0,1,0,0,1
34516,0,0,0,0,1,0,0,0,0,0,2,0,0,0
34661,1,0,0,0,0,1,0,0,0,0,0,0,0,0
34685,0,1,6,0,11,4,1,2,70,5,24,16,3,5
35287,0,0,0,0,2,0,0,0,13,0,0,0,0,0
35508,0,0,1,0,0,0,0,0,0,0,0,1,0,1
35705,0,0,0,0,0,0,0,0,22,1,0,0,0,0
35895,0,0,0,0,0,0,0,0,0,0,0,1,0,0
35932,0,0,0,0,1,0,0,0,0,0,0,0,0,0
36343,1,0,0,0,0,0,0,0,0,0,0,1,0,0
36414,0,0,0,0,0,1,0,0,0,0,0,0,0,0
36763,0,0,1,0,0,0,0,0,0,0,0,1,0,0
36764,0,0,0,0,0,1,1,0,5,0,0,0,0,1
36780,0,0,0,0,0,1,0,0,1,0,0,0,0,1
36799,0,0,0,0,1,0,0,0,0,0,0,0,0,0
37186,0,0,0,0,1,0,0,0,0,0,1,0,0,0
37194,1,0,0,0,0,1,1,0,0,0,3,0,2,0
37224,0,0,0,0,0,1,0,0,0,0,0,0,0,0
37395,0,0,0,0,1,0,0,0,2,0,0,0,0,0
37604,0,0,0,0,0,0,0,0,0,0,0,0,0,1
37605,1,1,2,0,9,3,0,3,0,0,0,3,0,6
37645,0,0,0,0,0,0,0,0,0,0,0,0,1,0
37649,0,0,0,0,0,1,0,0,0,0,1,1,0,1
37650,2,0,0,0,0,0,0,0,0,0,0,0,1,0
37818,4,0,4,0,8,0,0,0,41,3,5,3,4,0
38018,0,0,4,0,0,1,0,1,0,0,0,1,2,2
38019,1,0,0,0,0,0,0,1,13,0,1,3,7,8
38022,3,2,0,0,0,2,0,0,0,0,0,1,0,1
38023,0,0,0,0,0,0,0,0,0,0,0,1,0,0
38034,0,0,0,0,0,0,0,0,0,0,0,1,0,0
38065,0,0,0,0,0,0,0,0,0,1,0,1,0,2
38432,0,0,0,0,0,0,0,2,2,0,0,1,2,1
38435,2,2,0,2,0,4,9,5,0,4,1,6,2,2
38436,1,0,0,0,0,3,0,0,0,0,0,0,0,0
38443,0,0,0,0,0,0,0,0,0,0,0,0,0,1
38446,0,0,0,0,1,0,1,0,0,0,0,1,0,0
38479,1,0,0,0,0,0,0,0,0,0,0,0,0,2
38694,0,0,0,0,0,0,0,0,2,1,1,0,0,0
38845,2,1,0,0,0,0,0,0,0,0,0,0,0,3
38846,3,3,0,1,0,4,2,1,0,1,0,1,1,1
38850,0,0,0,0,0,1,0,0,0,0,0,0,1,0
38852,0,0,0,0,0,1,0,0,0,0,0,0,0,0
38876,0,0,0,0,1,0,0,0,0,0,0,0,0,0
38890,1,0,0,0,0,0,0,0,0,0,0,0,0,0
39223,0,0,0,0,0,0,0,0,0,0,1,0,0,0
39247,0,0,0,0,0,0,0,0,0,0,0,0,0,3
39254,1,6,3,0,1,4,6,0,1,4,0,4,0,0
39257,0,0,0,0,0,0,0,0,0,0,0,0,0,0
39274,0,0,0,0,0,0,0,0,0,0,0,0,0,0
39312,0,0,0,0,0,0,0,0,1,0,0,0,0,0
39657,0,0,1,0,0,0,0,0,3,1,0,1,2,0
40050,2,1,0,0,11,7,2,14,3,3,5,5,6,0
40059,1,0,0,0,0,0,0,1,0,0,0,1,1,3
40060,0,0,0,0,0,1,0,0,0,0,0,2,0,1
40064,0,0,0,0,0,0,2,0,0,0,0,1,0,0
40065,0,0,1,0,0,0,0,0,0,0,0,0,1,0
40105,0,1,0,0,0,0,0,0,0,0,0,0,0,0
40393,0,0,1,0,0,0,0,0,0,0,0,0,0,0
40445,0,0,0,0,0,0,0,0,0,0,0,0,1,0
40447,0,0,0,0,0,2,0,1,0,0,0,0,0,1
40455,0,0,0,0,0,0,1,1,0,0,0,0,0,0
40468,0,0,0,0,1,0,0,0,0,0,0,0,0,0
40863,0,0,0,0,3,0,0,0,0,0,0,1,0,0
41233,4,0,0,2,0,2,0,1,0,0,0,0,0,0
41239,0,1,0,0,0,0,2,2,0,1,0,2,1,0
41240,1,3,0,0,0,0,0,0,0,1,0,0,0,0
41242,0,0,0,0,0,0,0,1,0,0,0,0,0,0
41243,1,0,1,0,0,0,1,0,0,0,0,1,0,4
41244,0,0,0,0,0,0,0,0,0,0,0,0,0,1
41485,0,0,1,0,0,0,0,0,0,0,0,0,0,0
41527,0,0,1,0,1,0,1,1,0,0,0,0,1,0
41528,0,0,0,0,0,0,1,0,0,0,0,0,0,0
41530,6,1,3,0,3,2,0,5,6,0,2,0,1,0
41552,0,0,0,0,0,0,0,0,0,0,0,1,0,0
41554,0,0,0,0,0,0,0,0,1,0,0,0,0,0
41558,0,0,1,0,0,0,0,0,0,0,0,0,0,0
41583,0,0,0,0,0,0,0,0,3,0,0,0,0,0
41628,0,0,0,0,0,0,0,0,0,0,1,0,0,0
41629,1,0,0,0,0,0,0,0,0,0,0,0,1,0
41631,1,1,1,2,1,4,0,1,0,0,1,3,0,3
41634,0,0,0,0,0,0,0,0,0,0,0,0,0,3
41635,0,0,0,0,1,0,0,0,0,0,0,0,0,12
41636,1,0,0,0,1,1,2,1,0,1,1,1,0,0
41637,0,1,1,0,0,0,0,0,0,0,0,1,0,0
41836,2,1,6,0,3,2,0,0,28,0,4,2,2,3
41913,0,0,0,0,0,0,0,0,3,0,1,0,0,0
42024,0,0,0,0,0,0,0,0,0,0,0,0,0,0
42025,0,2,0,0,0,2,4,0,0,0,0,0,0,0
42026,1,0,0,0,0,1,11,0,0,0,0,1,0,0
42027,1,0,0,0,0,1,2,0,0,1,0,0,0,0
42261,0,0,9,0,10,2,0,1,58,2,49,9,7,4
42312,1,0,0,0,1,0,1,0,7,0,2,1,0,1
42413,2,1,0,0,0,11,0,1,0,3,0,3,3,3
42414,3,1,0,0,1,1,1,0,0,0,0,0,0,0
42442,0,0,0,0,2,0,0,0,0,0,0,0,0,0
42644,1,1,3,0,2,0,0,0,13,2,14,1,0,2
42685,0,0,0,0,0,0,0,0,0,0,0,0,0,1
42779,0,0,0,0,0,0,0,0,0,0,0,0,1,0
42799,0,0,0,1,0,0,0,0,0,0,0,0,0,0
42815,0,0,0,0,0,0,0,1,0,0,0,0,0,0
43181,0,0,0,1,0,0,1,0,0,1,0,1,0,0
43430,0,0,0,0,0,0,0,0,2,0,0,0,0,0
43453,0,0,0,0,0,0,0,0,1,0,0,0,0,1
43472,0,0,0,0,0,0,0,0,0,0,1,0,0,0
43536,0,0,0,0,0,0,0,0,3,0,0,1,0,0
43539,0,0,2,1,5,3,0,1,128,5,34,7,4,2
43569,1,0,0,0,0,5,0,1,0,2,1,1,0,0
43597,0,0,0,0,3,0,0,0,0,0,1,0,0,0
43964,2,0,0,0,1,0,0,0,1,0,0,1,2,0
43982,0,0,0,0,26,2,0,0,0,0,0,0,0,1
43985,0,0,1,0,0,0,0,0,0,0,1,0,1,0
43996,0,0,0,0,1,0,0,0,0,0,0,0,0,0
44248,1,0,0,0,0,0,0,2,0,0,1,0,0,0
44249,1,0,0,0,0,0,0,1,0,0,0,0,0,0
44333,0,1,0,0,0,0,1,0,0,0,0,0,1,0
44334,0,0,0,0,0,0,4,0,0,0,0,1,0,0
44344,0,1,1,1,0,1,0,0,1,0,2,0,0,0
44363,0,0,0,0,0,0,1,2,1,0,0,1,1,0
44368,0,0,0,0,0,1,0,1,0,0,2,0,2,1
44373,1,0,0,0,1,0,0,1,0,1,0,3,0,0
44638,0,0,0,0,0,3,0,0,1,1,3,0,0,0
44749,0,1,0,0,0,0,0,0,0,0,0,0,0,0
45115,0,0,0,0,0,0,0,0,0,0,0,1,0,0
45374,0,0,0,0,0,0,0,0,0,0,0,0,0,1
45399,0,0,0,0,0,0,0,0,1,0,0,0,0,0
45469,0,0,1,0,0,0,0,0,0,0,0,0,0,0
45470,0,0,1,0,0,6,0,0,29,1,4,1,0,7
45500,0,0,0,0,0,0,0,2,0,0,2,0,2,0
45527,0,0,0,0,0,0,0,0,1,0,3,1,0,0
45532,1,0,0,0,0,0,0,0,0,0,0,0,0,0
45538,3,0,0,0,1,3,0,5,0,0,3,0,0,1
45719,0,0,0,0,0,0,0,1,7,0,0,0,0,0
45828,0,0,0,0,0,0,0,0,7,0,9,1,0,0
45853,0,0,0,0,4,1,0,0,7,0,4,2,0,0
45877,0,0,1,1,0,3,0,2,5,3,2,3,1,0
45909,1,2,0,0,0,0,1,0,0,0,0,0,0,0
45913,0,0,0,0,2,0,0,0,1,0,3,0,0,0
46270,0,0,0,0,0,0,0,0,0,0,0,1,0,0
46296,0,0,0,0,0,1,0,0,0,0,0,0,0,0
46304,1,0,0,0,0,0,0,1,2,0,2,0,0,0
46309,0,0,0,0,0,0,0,0,0,0,0,0,1,0
46564,1,0,0,0,0,1,0,1,0,2,2,2,0,0
46649,0,0,0,0,0,0,0,0,0,0,0,0,0,3
46689,0,0,0,0,0,0,0,0,0,1,0,0,0,0
46942,1,0,1,0,4,0,0,1,12,0,3,2,1,1
46991,2,0,1,1,1,1,0,3,4,1,2,2,0,0
46994,0,0,1,0,0,0,0,0,0,1,0,0,1,1
47020,2,0,4,0,3,8,0,1,30,7,3,8,8,3
47021,1,0,0,0,0,2,0,0,4,4,3,6,2,0
47027,0,0,0,1,0,1,0,0,1,0,0,1,0,0
47028,0,1,0,0,0,1,1,0,0,0,0,1,0,0
47029,0,0,0,0,1,0,0,0,0,0,0,0,0,2
47320,0,0,0,0,0,0,0,0,1,0,0,0,0,0
47371,1,0,0,0,0,0,0,0,0,0,0,0,0,0
47373,0,0,0,0,1,0,0,0,0,1,0,0,0,0
47379,0,0,0,0,7,0,0,0,2,0,0,0,0,0
47383,0,0,0,0,0,0,0,0,0,0,1,0,0,0
47400,0,0,1,0,0,0,0,0,5,0,2,3,3,0
47429,0,0,0,0,0,4,0,0,1,1,1,0,0,4
47698,1,1,3,0,1,1,3,2,3,1,6,1,2,0
47744,0,0,0,0,0,0,0,1,0,0,0,0,0,0
47756,0,0,0,0,0,0,0,0,0,0,0,0,1,0
47761,0,0,0,0,1,0,0,0,0,0,0,0,0,0
47802,2,0,0,0,0,0,0,0,0,0,0,1,0,0
47803,0,0,0,0,0,0,0,0,0,0,0,1,0,0
47899,0,0,0,0,2,0,0,0,0,0,0,0,0,0
48119,1,0,0,0,0,0,0,0,0,0,0,0,0,0
48121,1,0,0,0,0,0,0,0,0,0,0,0,0,0
48124,1,1,0,0,0,0,0,1,0,0,0,0,0,0
48136,0,0,0,0,1,0,0,0,0,0,0,0,0,0
48178,0,0,0,0,1,1,0,0,0,0,0,0,0,0
48203,0,0,0,0,1,0,0,0,0,0,1,0,0,0
48210,0,1,0,0,0,0,0,0,0,0,1,0,1,1
48424,0,0,0,0,0,0,0,0,1,0,0,1,1,0
48530,1,0,0,0,1,1,0,0,0,0,2,0,2,0
48867,0,0,0,0,0,0,0,0,0,0,1,0,0,0
48870,0,0,0,0,0,0,0,0,1,0,0,0,0,0
48871,0,0,0,0,0,0,0,0,0,0,0,0,0,0
48888,0,0,1,0,3,1,0,0,0,0,0,1,1,0
48900,0,0,5,0,0,0,0,0,5,0,0,0,0,0
48908,1,0,0,0,4,0,0,0,3,0,2,0,0,0
48928,0,0,1,1,0,1,1,0,0,1,0,1,0,0
48931,1,1,0,1,0,2,0,0,0,1,0,2,0,19
49167,0,0,0,0,0,0,0,0,0,0,0,1,0,0
49190,0,0,0,0,0,3,0,0,0,2,0,0,0,0
49192,3,0,13,1,7,0,0,1,60,3,30,7,2,3
49241,0,0,0,0,0,0,0,0,3,1,0,0,1,0
49290,1,0,0,0,0,0,0,0,0,0,0,0,0,0
49292,1,0,0,0,0,0,0,0,0,0,0,0,0,0
49297,0,0,0,0,0,0,0,0,0,0,0,0,1,0
49304,1,1,0,0,0,0,0,0,0,0,0,1,0,0
49305,0,0,0,0,0,0,0,0,0,0,0,1,0,0
49306,1,0,0,0,0,0,0,0,0,0,0,0,0,0
49639,0,0,2,0,1,0,0,0,1,0,1,0,0,0
49662,2,0,2,0,0,0,0,0,0,0,0,0,0,2
49670,0,0,0,0,0,0,0,0,0,0,0,0,0,0
49678,0,0,0,0,0,0,0,0,0,0,0,2,0,1
49949,2,0,0,0,0,1,0,0,2,1,2,1,0,1
50033,0,1,0,0,0,0,0,0,0,0,0,0,0,0
50041,1,1,0,0,1,0,0,0,0,0,0,3,0,0
50042,0,0,0,0,0,0,0,0,0,0,1,0,0,0
50280,1,0,1,0,0,0,0,0,0,0,0,0,1,1
50320,1,0,0,0,0,0,0,0,0,0,0,0,0,0
50323,0,0,0,0,2,0,0,0,0,0,0,0,0,0
50360,0,0,0,0,0,0,0,0,0,0,0,0,1,0
50364,0,0,0,0,3,1,0,0,0,0,0,0,0,0
50378,0,0,0,0,0,0,0,0,0,0,0,0,1,0
50403,2,0,1,2,0,4,0,0,0,2,1,0,2,6
50405,0,0,0,0,0,0,0,1,0,0,0,0,0,0
50409,5,7,4,4,1,8,3,2,3,8,19,15,1,4
50410,0,0,1,0,1,1,0,1,0,1,0,1,0,0
50411,0,0,3,0,0,0,0,0,0,0,0,0,0,0
50418,0,0,0,0,0,0,0,1,0,1,0,0,0,0
50672,0,0,0,0,0,0,0,0,2,0,0,1,0,0
50748,0,0,0,0,0,0,0,0,1,0,0,0,0,0
50755,0,0,1,0,0,0,1,1,0,0,0,0,0,1
50770,0,1,0,0,3,0,0,3,0,0,2,0,3,0
50777,3,0,0,0,0,4,2,1,0,0,0,10,0,1
50778,0,0,0,1,0,0,0,0,0,0,0,0,0,0
50781,1,0,2,0,0,0,8,0,0,1,0,1,0,0
50782,0,0,0,0,0,4,2,0,0,0,1,7,3,0
50783,5,0,1,6,0,4,1,4,0,3,0,4,0,1
50786,0,0,0,0,1,0,0,0,0,0,1,0,0,0
50790,0,0,0,0,0,0,0,0,0,0,0,0,1,0
51118,2,0,1,3,0,2,0,1,0,1,0,2,0,8
51124,0,0,1,0,0,0,0,0,0,0,0,0,0,0
51126,0,0,2,0,0,0,0,1,0,1,1,1,1,6
51129,0,0,0,0,0,0,0,0,1,0,0,0,0,0
51134,0,0,0,0,0,1,0,1,0,0,0,0,0,0
51151,4,0,0,1,3,4,3,1,0,1,1,0,1,4
51152,0,0,0,0,0,0,2,0,0,0,0,0,0,0
51153,0,3,2,1,0,1,3,2,0,3,3,6,0,1
51155,0,0,0,0,1,2,0,1,0,4,2,2,2,0
51160,0,0,0,0,2,0,0,0,0,0,0,0,0,0
51420,0,0,0,0,0,0,0,0,5,0,3,0,1,0
51483,0,0,0,0,0,0,0,0,0,0,0,0,0,1
51485,2,1,7,2,6,13,1,3,4,1,2,2,6,2
51494,0,0,0,0,0,0,0,0,0,0,0,0,0,0
51520,0,0,0,0,0,0,0,0,0,0,0,0,0,0
51521,0,0,10,0,0,1,0,1,0,0,1,0,2,7
51522,1,0,0,0,0,2,0,0,0,0,0,0,0,6
51523,5,1,0,0,1,8,0,1,0,2,0,28,0,3
51541,0,0,0,0,1,0,0,0,0,0,0,0,0,0
51545,1,0,0,0,1,0,1,0,0,1,0,0,0,2
51798,0,0,0,0,0,1,0,0,1,2,0,4,1,4
51826,0,0,0,0,0,1,0,0,5,0,0,1,0,0
51837,0,0,0,1,2,0,0,0,0,0,1,0,0,0
51849,0,0,0,0,0,0,0,0,0,0,0,0,0,1
51850,0,0,0,0,0,0,0,0,0,1,3,0,1,1
51855,1,1,0,0,0,0,0,0,1,0,0,0,0,0
51856,0,0,0,0,0,0,1,0,0,0,0,0,0,0
51872,0,0,1,0,5,1,1,1,16,0,7,2,6,4
51874,0,0,0,0,4,0,0,0,0,0,0,0,0,1
51875,0,0,0,0,1,6,1,0,0,2,1,4,2,3
51878,0,0,0,0,0,0,0,0,0,1,0,0,0,0
51886,0,0,0,0,0,0,0,0,0,0,0,0,0,0
51891,0,0,0,0,0,0,0,0,0,0,0,1,0,0
51892,3,0,0,0,0,0,0,1,0,0,0,0,0,0
51893,2,3,0,0,0,1,2,1,0,0,0,2,0,0
52078,0,0,1,0,2,0,0,0,3,2,0,0,0,0
52134,0,1,2,0,0,0,0,0,1,1,0,0,1,1
52167,0,0,0,0,2,0,0,0,1,0,0,0,0,0
52168,0,0,0,0,2,0,0,0,1,0,2,1,1,0
52175,0,0,0,0,0,0,0,0,1,0,0,0,0,0
52218,0,0,0,0,0,0,0,0,2,0,0,0,0,0
52219,1,0,0,0,0,1,2,0,0,1,0,0,0,1
52220,0,0,0,0,0,0,0,0,0,0,0,1,0,1
52221,0,0,0,0,0,0,0,0,1,0,1,0,0,0
52230,0,0,0,0,0,0,0,0,0,0,0,0,0,0
52234,0,0,0,0,0,0,0,0,0,0,0,0,0,0
52241,1,0,1,2,1,4,0,2,0,0,0,1,1,1
52242,1,6,0,0,0,0,11,0,0,0,0,5,0,0
52243,1,1,0,0,0,0,0,0,0,0,0,0,0,0
52246,0,0,0,0,0,0,0,1,0,0,0,0,0,0
52248,2,1,0,1,1,0,2,1,0,0,2,3,0,0
52254,1,0,0,0,0,0,0,1,0,0,2,0,0,0
52256,2,0,0,3,1,8,1,3,0,1,0,16,0,1
52257,3,1,1,0,1,3,0,0,0,0,0,1,0,0
52258,0,0,1,0,0,0,0,0,0,1,0,2,0,0
52259,0,0,21,0,0,0,2,0,0,0,0,2,3,0
52260,6,0,0,0,0,0,2,3,0,0,0,4,0,5
52261,1,0,0,0,0,0,1,0,0,2,0,0,0,1
52533,0,1,0,0,0,0,0,0,0,0,0,0,0,0
52534,1,0,0,0,0,1,0,0,0,0,2,0,1,1
52568,0,0,0,0,1,0,0,0,1,0,0,0,1,0
52569,0,0,0,0,0,0,0,0,0,0,0,0,1,0
52573,5,2,20,0,16,10,1,5,52,3,49,14,25,6
52579,0,0,0,0,0,0,0,0,0,0,0,0,1,0
52583,0,0,0,0,0,0,0,0,0,0,0,1,0,0
52590,0,0,0,2,0,12,2,2,0,10,2,6,4,0
52594,4,2,0,9,1,4,0,9,1,2,0,3,4,3
52595,0,1,6,2,0,4,0,3,0,3,0,3,1,29
52599,0,0,0,0,3,0,0,0,0,1,0,0,0,0
52603,2,0,0,1,0,0,0,1,2,0,1,0,1,4
52605,5,0,0,0,0,1,0,1,0,2,0,3,0,0
52606,0,0,0,0,1,0,2,0,0,0,2,0,0,0
52607,8,0,0,0,0,1,0,0,0,0,0,3,0,0
52609,0,0,0,0,0,0,0,0,0,0,0,0,0,0
52610,5,0,0,1,2,1,1,2,0,0,0,1,0,2
52618,0,1,0,0,0,0,0,1,0,1,0,2,1,5
52620,0,0,0,0,1,0,0,0,0,0,0,0,0,0
52621,0,0,0,0,0,0,0,0,0,0,0,1,0,0
52622,0,0,0,0,0,1,0,0,0,0,1,0,0,2
52623,0,0,0,0,0,0,0,0,0,0,0,0,0,1
52624,3,0,0,2,0,0,0,2,0,0,0,1,0,1
52625,0,1,0,0,0,0,0,0,0,0,0,0,0,3
52652,10,0,0,0,0,4,0,0,0,6,0,1,0,2
52897,1,0,0,5,0,1,0,0,0,0,0,2,0,0
52922,1,0,10,0,8,6,0,1,54,2,39,8,4,5
52930,0,0,0,0,0,0,0,0,0,1,1,0,0,0
52934,1,0,1,0,0,0,0,0,0,0,0,0,1,0
52938,0,0,0,0,0,0,0,0,0,0,0,0,1,0
52941,1,1,5,1,0,0,0,0,0,0,0,0,0,3
52949,0,0,0,0,5,0,1,0,0,0,0,1,0,0
52951,0,0,0,0,0,0,0,1,0,0,0,0,0,0
52956,0,1,1,0,0,2,0,0,1,0,0,0,0,0
52957,2,0,0,0,0,1,0,0,0,0,0,1,0,0
52958,7,0,0,0,1,1,10,0,0,2,0,5,2,3
52959,0,2,0,0,1,1,0,0,0,0,0,2,0,0
52963,0,0,0,0,0,0,1,0,0,0,0,0,0,0
52970,0,0,0,0,0,4,0,0,0,0,0,3,0,0
52971,1,3,0,1,0,1,1,0,0,2,0,3,0,0
52972,1,0,0,0,0,1,1,0,0,0,0,0,0,0
52973,0,0,0,0,0,1,0,0,1,0,0,0,1,0
52982,0,0,0,0,0,1,0,1,0,0,0,0,0,1
52984,1,1,0,0,0,1,0,0,0,0,0,1,0,0
52987,1,0,0,0,0,1,0,0,0,0,0,1,0,0
52988,0,1,0,0,0,0,0,0,0,0,1,2,0,0
53013,0,0,0,0,1,0,0,0,0,0,0,0,0,0
53258,0,0,1,0,0,0,0,0,0,0,0,0,0,0
53263,0,0,1,0,8,1,0,1,4,0,6,4,0,0
53293,0,0,0,0,0,1,0,1,0,1,1,0,0,1
53299,1,1,13,0,4,1,11,2,11,1,7,5,8,0
53304,5,11,3,1,0,2,3,6,0,3,0,3,0,6
53305,1,0,3,0,0,3,0,0,1,1,1,0,1,6
53309,1,1,0,1,0,0,2,0,0,1,0,1,1,0
53310,2,1,0,0,0,1,6,2,0,2,0,0,0,0
53311,0,0,0,0,0,0,2,0,0,0,0,8,0,0
53317,0,0,0,0,0,0,0,0,0,0,0,0,0,0
53319,0,0,0,0,0,0,1,1,0,0,0,0,1,0
53320,0,0,0,0,0,1,0,0,0,0,0,0,0,0
53322,7,0,0,0,0,1,0,0,0,2,0,0,0,1
53323,0,1,0,0,0,0,0,0,0,0,1,0,0,0
53325,0,0,0,0,0,0,0,0,0,0,0,1,0,0
53329,0,0,0,0,0,0,0,0,0,0,2,0,0,0
53332,6,1,0,0,0,6,2,3,0,1,2,4,4,0
53349,0,2,0,0,0,1,1,1,1,0,0,6,3,0
53351,0,0,0,0,0,0,0,0,0,0,0,1,0,1
53362,0,0,0,0,2,0,0,0,0,0,0,0,0,0
53365,0,0,0,0,1,0,0,0,0,0,0,0,0,0
53484,0,1,9,0,0,0,0,0,3,1,0,0,0,0
53653,0,0,0,0,0,0,0,0,1,1,0,2,0,0
53655,0,0,0,0,0,0,0,0,1,0,1,0,0,0
53669,0,0,1,0,0,0,0,0,1,0,1,0,0,1
53671,0,0,0,0,0,1,0,0,0,0,0,0,0,0
53672,0,0,0,1,0,1,0,1,0,0,0,0,0,11
53673,0,0,0,0,0,0,2,0,0,0,0,1,0,0
53675,1,0,0,0,0,0,0,1,0,0,0,2,0,0
53691,0,1,0,0,0,0,1,0,0,0,5,0,0,0
53692,2,3,2,0,0,3,1,1,0,0,2,1,2,12
53693,0,0,0,0,0,1,0,0,1,0,0,0,0,2
53694,2,0,0,0,0,2,1,0,0,0,0,7,0,0
53710,0,0,0,0,3,0,0,0,0,0,0,0,0,0
53711,0,3,0,0,0,0,0,1,0,0,0,1,0,0
53712,0,1,3,1,0,5,0,3,0,0,0,5,0,10
54016,0,0,0,0,0,0,0,0,0,0,1,0,1,0
54021,8,5,9,1,8,21,2,3,19,15,81,27,10,6
54028,0,0,2,0,0,5,0,1,0,5,0,7,0,1
54033,1,0,0,0,0,6,0,2,1,1,2,4,1,1
54035,2,0,0,1,0,0,0,3,0,1,0,1,0,3
54036,1,0,0,0,0,0,0,0,0,0,0,0,1,0
54038,0,0,0,0,2,0,0,0,0,0,0,0,0,0
54045,1,0,0,0,0,1,0,1,0,0,0,0,0,0
54048,0,0,0,0,1,0,0,0,1,0,0,0,0,3
54053,1,0,0,0,0,0,0,0,0,0,0,0,1,0
54055,4,1,0,0,0,3,5,7,0,2,0,1,2,5
54056,1,1,2,1,0,6,4,3,0,2,0,2,1,0
54057,1,0,1,0,0,1,0,0,0,0,0,0,0,0
54065,2,2,0,0,0,1,0,0,0,0,0,0,0,0
54071,0,0,1,1,0,1,2,1,1,1,5,1,1,0
54072,0,0,0,0,1,0,0,0,0,0,0,0,0,0
54073,0,0,0,0,0,1,0,0,0,0,1,1,0,0
54357,0,0,0,0,1,0,0,0,0,0,0,0,0,0
54380,0,0,0,1,0,0,0,0,2,0,0,0,0,0
54387,0,0,1,0,0,0,0,0,1,0,0,0,0,0
54389,0,0,0,0,0,0,0,0,0,0,1,0,0,0
54390,0,0,0,0,15,0,0,0,5,0,2,0,2,0
54395,0,0,0,0,0,0,0,0,0,1,1,1,1,0
54397,0,0,5,0,0,0,0,0,0,0,0,0,0,0
54399,0,0,28,0,0,0,0,1,0,0,0,1,3,0
54400,4,0,0,0,0,0,0,1,0,0,0,0,0,1
54401,1,1,0,1,0,0,9,2,0,1,0,0,0,0
54405,2,0,0,0,0,0,0,0,0,0,0,0,0,0
54413,0,0,0,0,0,0,0,0,0,0,0,1,0,0
54414,0,0,1,0,2,0,0,0,0,0,3,0,1,1
54415,0,0,0,0,0,1,1,1,0,1,0,6,2,0
54416,2,0,0,1,0,0,0,0,0,0,0,0,0,1
54417,1,9,0,0,1,3,6,2,0,2,0,2,0,6
54418,0,0,0,0,0,0,0,0,0,1,0,0,0,1
54420,9,7,10,3,1,21,13,7,3,11,6,23,11,1
54421,19,3,2,6,0,24,15,7,1,10,0,17,2,0
54422,4,0,0,0,0,0,0,0,0,1,0,0,0,8
54423,3,0,2,1,3,8,3,2,2,1,6,4,11,1
54428,0,0,0,0,0,0,0,0,0,0,0,0,0,2
54723,0,0,0,0,0,0,0,0,0,0,0,0,1,0
54726,0,0,0,0,3,0,0,0,1,1,0,0,0,0
54738,1,1,0,0,2,3,0,0,24,0,3,2,1,1
54742,0,0,1,0,0,0,0,0,2,0,1,0,0,2
54745,2,0,0,0,1,8,0,1,0,0,0,0,0,0
54750,8,1,0,0,1,2,0,3,0,0,2,0,1,17
54759,0,0,2,0,0,1,0,0,0,0,0,0,0,0
54760,1,1,9,0,0,3,5,3,2,0,0,1,0,0
54764,0,0,0,0,0,0,0,0,0,0,4,0,1,0
54765,5,0,1,1,0,0,0,1,0,0,0,0,0,2
54766,2,0,1,1,0,6,0,1,0,0,0,1,0,14
54767,0,0,0,0,0,0,1,0,0,0,0,0,0,0
54769,0,0,3,0,1,0,0,0,0,0,0,0,0,0
54770,1,1,0,0,0,1,0,0,0,0,0,0,0,0
54771,0,1,1,0,0,0,0,2,0,1,1,4,2,1
54773,2,0,0,0,0,0,0,0,0,1,0,1,0,0
54774,2,1,0,0,0,1,0,1,0,0,1,0,0,0
54775,1,0,10,0,0,3,0,4,2,3,2,2,0,8
54776,0,0,0,0,0,1,0,0,0,0,0,0,0,0
54777,3,5,1,1,0,0,1,1,2,1,0,0,0,4
54779,0,0,2,0,0,2,0,0,0,1,1,2,0,18
54780,2,0,0,0,0,1,0,0,0,1,0,1,0,2
54781,1,1,0,0,0,3,2,0,0,0,0,0,1,0
54782,0,0,0,0,0,0,0,0,0,0,0,1,0,0
54783,3,0,0,0,0,0,0,0,0,0,0,1,0,0
54784,1,2,0,0,1,6,1,1,0,0,0,0,0,0
54785,0,7,0,1,0,4,16,0,1,2,0,10,1,2
54786,2,6,0,0,0,2,4,1,0,3,0,5,0,0
54787,1,1,0,0,0,0,0,0,0,0,1,0,1,2
54788,0,0,0,0,0,0,0,0,0,0,0,0,1,0
54796,0,0,0,0,0,1,0,0,0,0,0,2,0,1
55110,0,0,0,0,1,0,0,0,0,0,0,0,0,0
55115,1,1,0,1,0,1,2,0,0,0,0,0,0,0
55116,0,0,0,1,0,0,0,0,0,0,0,0,0,0
55124,0,0,0,0,0,0,0,0,0,0,0,1,0,0
55128,0,0,0,0,0,0,0,0,0,0,0,0,1,0
55129,0,0,1,0,0,3,0,1,0,1,0,0,0,3
55131,17,2,1,2,3,4,2,3,0,1,0,0,1,14
55135,1,0,0,1,0,1,0,1,0,1,2,0,3,0
55136,1,0,0,1,2,0,0,0,0,0,0,1,0,0
55142,1,0,0,0,0,0,0,0,0,0,0,12,0,0
55145,2,0,0,0,0,0,0,2,0,1,0,0,0,0
55149,0,0,0,0,0,0,9,0,0,0,0,1,0,0
55150,1,0,4,0,0,5,7,2,0,3,0,4,2,0
55151,0,1,0,0,0,1,2,0,0,0,0,1,0,0
55152,2,4,2,0,0,3,5,17,3,9,15,5,2,6
55155,0,0,1,0,0,0,0,0,0,1,0,1,1,0
55165,0,2,2,1,3,4,0,1,3,1,5,3,2,0
55177,0,0,0,0,0,1,0,2,0,3,3,0,0,1
55464,0,0,2,0,0,0,0,0,0,0,1,0,0,0
55475,0,0,0,0,0,0,0,1,0,0,0,0,0,0
55476,0,0,0,0,0,0,0,0,0,0,0,0,0,1
55477,0,0,0,0,0,0,0,1,0,0,2,0,0,0
55484,0,0,2,0,1,2,1,1,1,0,5,0,3,1
55485,0,1,0,0,1,0,0,0,0,0,0,0,0,0
55490,0,0,0,0,2,0,0,0,1,0,1,0,0,0
55493,0,0,0,0,0,1,0,0,0,0,0,0,0,0
55494,2,0,0,0,0,0,1,2,0,0,0,0,0,0
55497,0,1,0,0,1,4,1,0,1,1,5,12,2,1
55499,0,0,0,1,0,0,0,0,0,0,2,0,0,0
55502,0,0,0,0,0,0,0,0,0,0,0,0,0,0
55506,1,0,0,0,1,1,0,0,0,0,1,0,0,2
55515,2,1,0,0,0,0,0,1,0,1,0,0,1,0
55517,0,0,0,0,8,0,0,1,1,0,0,0,0,0
55520,1,1,1,0,0,0,1,0,0,0,0,0,0,0
55522,1,0,10,1,1,1,1,2,0,4,3,4,16,5
55523,0,0,0,0,0,0,0,0,0,0,0,1,3,0
55525,0,0,0,0,0,0,0,0,0,0,0,1,2,0
55543,1,0,0,0,0,0,0,0,0,0,0,0,0,0
55551,0,2,0,0,1,2,0,0,0,0,0,0,2,2
55838,9,6,10,0,15,4,1,2,21,2,19,12,3,4
55850,0,0,0,0,0,0,0,0,0,0,0,1,0,1
55854,0,0,0,0,0,0,0,0,0,0,0,0,1,0
55858,2,0,0,0,0,1,0,1,3,0,2,2,3,0
55864,0,0,0,0,0,0,0,0,0,0,0,0,0,0
55869,2,1,0,0,0,5,1,1,0,0,1,16,0,0
55870,0,0,0,0,0,0,0,0,0,0,0,0,0,1
55872,1,0,1,0,0,0,0,1,1,0,1,1,1,0
55874,2,1,0,0,0,2,0,1,0,2,0,0,1,6
55884,0,1,0,0,1,1,5,0,0,0,0,2,0,0
55885,1,0,0,0,0,4,0,0,0,13,0,6,0,0
55886,3,0,1,2,0,2,0,2,0,0,0,0,0,5
55888,0,0,1,0,0,1,0,0,0,1,0,0,5,0
55891,5,0,4,0,3,1,0,4,1,4,1,3,4,34
55892,0,1,0,0,1,0,8,2,0,0,0,0,0,0
55896,0,0,0,0,0,1,0,0,0,0,2,0,3,0
55897,2,4,1,0,1,1,1,1,0,1,5,2,3,0
55907,0,0,0,0,0,0,1,0,0,0,0,0,0,0
55909,1,0,0,0,0,0,0,0,0,0,0,0,0,0
55910,0,0,0,0,0,0,1,0,0,0,0,0,0,0
55913,0,0,0,0,1,0,0,0,0,0,0,0,0,0
55918,0,0,0,0,0,2,0,1,0,0,0,0,0,0
56111,0,0,1,0,9,1,0,0,108,0,1,4,2,0
56164,1,0,0,0,4,2,0,0,16,0,13,2,0,1
56182,0,0,0,0,0,0,0,0,0,0,1,0,0,0
56197,0,0,0,0,0,1,0,0,0,0,0,0,0,0
56199,0,0,0,0,5,0,0,0,0,0,0,0,0,0
56209,0,0,0,0,1,0,0,0,1,1,0,0,0,0
56221,1,1,0,0,0,1,2,0,14,1,7,1,2,0
56222,28,0,0,6,0,2,0,9,0,5,0,7,2,0
56226,0,0,0,0,0,0,0,0,0,0,0,1,0,0
56233,0,0,0,1,0,0,0,0,0,2,0,0,0,1
56241,0,0,0,0,0,0,0,0,0,0,1,0,0,0
56243,0,0,0,0,0,0,0,0,0,0,0,1,0,0
56245,0,2,0,0,0,1,0,1,0,1,2,1,0,0
56246,0,0,0,0,0,0,0,0,0,0,0,0,0,1
56247,3,2,0,0,0,2,6,1,0,3,0,4,0,1
56248,0,0,1,0,0,0,0,0,0,0,0,0,1,1
56254,0,0,0,0,0,0,0,0,0,0,0,0,0,1
56258,0,0,1,0,0,0,0,0,0,0,0,0,0,2
56259,0,0,1,0,0,0,0,0,0,0,0,0,0,0
56260,0,0,0,0,0,0,0,0,0,0,0,2,0,0
56274,1,0,0,0,0,0,0,0,0,0,0,0,0,0
56275,0,0,0,0,0,0,0,0,0,0,0,1,0,0
56276,1,1,0,0,0,2,0,0,0,1,3,2,1,0
56280,1,0,0,0,0,8,0,2,0,1,0,0,0,0
56477,3,0,7,0,6,2,0,0,85,3,10,2,2,0
56535,1,0,0,1,0,8,0,3,1,8,1,5,2,0
56559,1,1,1,2,0,33,2,2,4,13,3,9,4,0
56573,1,0,0,0,0,0,1,0,0,1,2,1,0,1
56578,0,0,0,0,1,0,1,0,0,0,0,0,0,0
56583,0,0,1,0,0,0,0,1,0,0,0,0,0,0
56584,2,1,0,0,0,0,1,0,0,0,0,3,0,0
56585,0,0,0,0,0,0,0,1,0,0,0,0,0,0
56587,1,0,0,1,0,2,0,1,1,1,0,0,0,5
56594,0,0,0,0,0,0,0,1,0,0,0,0,0,0
56607,0,0,0,0,0,0,0,1,0,0,0,0,0,0
56610,5,3,4,0,0,1,1,4,0,0,0,5,0,25
56611,2,6,13,12,0,7,5,6,1,9,1,21,5,55
56615,2,3,1,0,0,0,0,2,0,1,1,0,1,14
56618,0,1,0,0,0,1,0,0,0,0,0,1,0,1
56619,1,0,0,0,0,0,0,1,0,1,0,0,0,2
56622,0,0,0,0,0,0,0,0,0,0,1,1,0,0
56638,2,0,0,0,0,1,0,0,0,0,0,1,1,1
56642,0,0,0,0,0,2,2,0,0,0,0,0,0,0
56822,0,0,0,0,1,0,0,0,15,0,0,1,0,0
56839,1,0,1,0,0,0,0,0,20,4,1,1,1,0
56895,0,0,0,0,1,0,0,0,0,0,0,0,0,0
56937,1,0,0,0,0,1,0,0,0,0,0,0,0,4
56945,6,20,2,3,0,4,13,4,2,4,4,8,10,3
56951,1,0,1,0,0,1,0,0,0,0,0,2,0,4
56954,0,0,0,0,0,0,0,0,0,0,0,1,0,0
56955,8,5,5,3,1,11,8,4,0,7,3,10,2,15
56956,8,9,0,0,1,5,12,2,0,4,3,6,1,1
56957,0,0,0,0,1,1,0,0,0,1,1,3,0,0
56962,0,0,0,0,0,0,0,0,0,0,0,0,0,4
56970,0,0,0,0,0,1,0,0,0,0,0,0,0,0
56973,5,1,0,10,0,2,1,1,0,1,0,0,0,15
56974,0,0,0,0,0,0,0,0,0,1,0,0,0,0
56975,1,0,0,0,0,1,0,0,0,1,0,3,1,5
56976,0,0,0,0,0,0,0,1,0,0,0,0,0,0
56977,0,0,0,0,1,0,0,3,0,0,0,0,0,0
56982,1,0,0,0,0,0,2,0,0,1,0,2,0,1
56983,18,1,4,1,0,14,2,5,0,4,0,12,3,30
56984,0,0,0,0,0,0,0,0,0,1,0,0,0,0
56987,0,0,0,0,0,0,0,1,0,0,0,0,1,0
56988,1,0,0,0,0,1,0,1,0,1,0,0,0,0
56992,2,0,1,0,0,1,3,1,0,0,0,2,1,4
56993,0,0,0,0,0,0,1,0,0,0,0,1,0,0
56996,0,0,0,0,1,0,0,0,0,0,0,1,0,0
57002,1,0,0,0,0,0,0,1,0,0,0,0,1,0
57003,2,0,1,3,0,1,0,1,1,2,1,0,2,22
57004,0,0,0,0,0,0,0,0,0,1,0,1,0,0
57187,0,1,7,0,9,4,0,1,113,1,18,3,5,9
57255,1,0,0,0,0,1,0,0,1,1,0,3,0,0
57279,0,0,0,0,0,0,0,1,1,0,1,0,1,0
57280,0,0,0,0,1,0,0,0,0,0,0,0,0,0
57286,0,0,0,0,0,1,0,0,0,0,0,2,1,4
57300,0,0,0,0,1,1,1,0,0,1,0,1,0,0
57304,0,0,0,0,0,0,0,0,0,0,0,0,0,0
57310,0,0,1,0,0,0,0,0,0,1,1,0,0,0
57311,6,0,1,0,0,5,0,1,0,0,0,1,0,0
57315,0,0,0,0,0,0,0,0,0,1,0,0,0,0
57316,0,1,1,0,0,2,3,0,0,0,1,0,0,2
57319,1,0,0,0,0,0,0,1,0,0,1,0,0,1
57321,1,0,0,0,0,1,0,0,0,0,0,2,0,1
57326,0,0,0,0,0,0,0,0,0,0,0,0,0,1
57327,0,0,0,0,0,1,0,0,0,0,0,0,0,1
57329,0,0,0,1,0,5,1,0,0,0,0,8,0,0
57330,0,0,0,0,0,1,2,0,0,1,0,0,0,0
57333,0,0,0,0,0,1,1,1,0,0,0,0,0,0
57334,1,0,1,0,0,0,1,0,1,1,0,1,0,2
57335,0,1,0,0,0,0,4,0,0,0,0,0,0,0
57336,0,0,0,0,0,1,0,1,0,0,1,0,0,0
57337,1,0,0,0,0,1,0,1,0,1,1,6,1,1
57340,1,0,0,0,0,0,1,0,0,0,0,0,0,0
57342,1,0,0,0,0,1,1,0,0,0,0,1,0,1
57343,0,1,0,0,0,0,0,1,0,0,0,1,1,0
57344,3,0,0,1,0,0,0,1,0,1,0,0,0,0
57354,0,0,0,0,1,0,0,0,1,0,3,4,2,0
57355,0,0,0,0,1,0,0,0,0,0,0,0,0,0
57359,0,1,0,0,0,0,0,0,0,0,0,0,0,0
57362,0,0,0,0,0,0,0,0,0,1,0,0,0,0
57662,0,0,1,0,0,0,0,1,0,0,2,0,0,0
57664,5,1,0,2,1,12,6,8,0,4,18,7,2,0
57670,1,0,0,1,0,0,0,0,0,1,0,0,0,0
57675,2,0,1,1,1,1,0,1,0,1,4,0,0,9
57679,0,0,0,0,0,0,0,0,0,0,1,1,0,0
57686,1,0,0,12,1,4,0,4,0,3,6,7,0,1
57690,0,0,0,0,0,1,0,0,0,1,0,3,0,1
57695,0,0,0,0,0,2,0,0,0,0,0,1,0,2
57699,2,1,0,0,0,3,2,2,0,0,4,4,0,0
57701,0,0,0,0,0,0,1,0,0,0,0,0,0,0
57702,1,0,0,0,1,0,0,0,0,0,0,0,0,0
57703,2,0,1,1,0,3,0,0,0,4,0,4,6,16
57705,0,0,0,0,0,0,0,0,0,0,2,3,0,0
57716,0,1,0,0,0,0,0,0,0,0,0,5,0,0
57717,0,0,0,0,0,0,0,0,0,0,0,0,0,1
57718,3,3,0,1,0,0,3,1,0,3,0,0,0,0
57719,7,0,1,4,0,2,1,4,0,0,0,2,1,2
58000,0,0,0,1,0,1,0,0,0,1,0,1,1,3
58012,1,2,5,0,0,1,1,0,6,1,5,3,11,4
58014,0,0,0,0,0,0,0,0,0,0,1,0,0,0
58022,0,0,1,0,0,7,0,2,1,1,23,4,2,1
58025,0,0,0,0,0,2,0,0,0,0,0,0,0,0
58026,1,0,1,1,3,2,0,1,3,2,4,2,2,0
58028,0,0,20,0,0,0,0,1,0,1,0,0,1,0
58030,3,1,4,0,6,3,0,0,5,3,47,1,3,5
58040,0,0,1,0,0,0,0,0,0,0,0,0,0,0
58048,0,0,0,0,0,0,0,0,0,0,0,0,1,0
58049,0,0,0,0,2,2,0,0,0,0,2,4,1,1
58065,0,1,0,0,1,0,0,0,0,0,0,0,1,1
58068,1,0,0,0,0,0,0,0,0,0,0,0,0,0
58073,0,0,0,0,0,0,0,0,0,1,0,0,0,0
58075,0,1,1,0,0,0,2,0,0,0,0,1,0,0
58076,3,8,2,3,0,9,15,10,0,10,2,20,6,1
58077,0,0,0,0,0,1,0,1,0,0,0,0,0,0
58080,0,0,0,0,0,0,0,0,0,1,0,0,0,0
58308,0,0,0,0,1,0,0,0,0,0,0,0,0,0
58321,1,0,4,0,2,0,0,0,6,0,3,2,0,0
58345,1,0,0,0,0,0,0,0,4,0,0,0,0,0
58363,0,0,1,0,0,1,0,0,0,1,0,2,0,0
58368,2,0,2,0,0,0,0,0,0,0,0,2,0,0
58372,0,1,0,0,2,0,0,1,0,2,2,2,0,1
58376,0,0,0,0,4,0,0,0,0,0,2,0,0,0
58377,0,1,0,0,0,3,0,0,0,0,0,1,0,0
58379,1,0,0,0,0,0,1,0,0,0,0,0,0,0
58380,5,2,1,1,0,0,1,2,0,1,2,1,2,0
58381,0,0,0,0,2,0,0,0,0,0,7,0,2,0
58382,1,0,0,0,0,0,1,2,0,1,0,0,0,0
58383,0,0,0,0,1,0,0,0,0,0,2,0,0,0
58385,1,0,1,0,0,0,0,0,0,0,0,0,0,0
58390,0,2,0,0,0,0,6,1,0,0,0,3,0,0
58407,0,0,0,0,0,0,0,0,0,0,0,1,0,0
58415,1,0,0,0,0,4,1,0,0,0,0,0,0,0
58416,2,1,0,1,0,0,5,0,0,0,0,0,0,0
58418,0,0,0,0,0,1,0,1,1,1,4,2,0,7
58425,0,1,0,0,0,0,2,0,0,0,0,1,0,0
58426,1,0,0,0,1,0,0,0,0,0,0,0,0,0
58427,0,0,0,0,0,4,0,0,0,0,0,3,0,0
58432,0,0,0,0,0,0,0,0,0,1,0,1,0,0
58434,3,0,0,0,0,1,0,0,0,0,0,0,0,0
58439,1,1,5,0,2,2,0,0,4,2,4,1,7,0
58630,1,1,2,0,2,0,0,0,54,1,2,2,0,2
58727,0,0,1,0,0,1,0,2,1,0,2,1,1,3
58730,0,0,0,0,0,0,0,0,0,0,1,0,0,0
58733,1,0,0,0,0,0,1,0,0,0,2,0,0,0
58735,0,0,1,1,3,1,0,0,0,0,6,1,0,2
58736,4,8,0,1,0,3,25,3,0,2,1,8,1,0
58737,22,28,3,1,5,24,14,19,1,13,6,25,5,2
58738,0,0,0,1,0,0,0,0,0,0,0,0,0,0
58739,0,1,0,0,0,0,2,0,0,0,0,0,1,0
58740,0,3,0,1,0,0,0,0,0,0,0,0,1,1
58741,1,2,0,0,0,0,2,0,0,1,0,1,0,0
58742,2,4,0,3,2,2,2,4,0,2,0,4,0,1
58743,2,0,0,0,0,6,0,1,0,0,0,0,0,10
58753,0,0,1,0,0,0,0,0,0,0,0,0,0,0
58771,2,0,0,0,8,2,0,1,0,0,0,5,1,0
58772,1,2,0,0,0,0,0,0,0,0,0,0,0,0
58774,0,0,1,0,0,0,0,0,0,0,0,0,0,0
58781,1,0,0,1,0,0,2,2,0,0,0,1,0,0
58782,0,0,0,0,1,0,0,0,0,0,0,0,0,0
59056,1,2,0,0,4,0,0,1,0,0,0,0,0,0
59066,0,0,0,0,1,0,0,2,3,1,0,2,1,1
59074,0,0,1,1,2,0,1,0,2,3,2,5,1,1
59076,1,0,0,0,2,0,1,1,0,0,0,0,0,0
59084,0,1,0,0,1,2,0,0,0,0,3,0,1,0
59086,0,0,0,0,1,0,2,0,1,0,5,0,1,0
59092,3,1,0,1,0,0,1,0,0,1,0,1,0,0
59095,1,0,0,0,0,2,0,1,0,0,0,0,0,0
59098,0,0,0,0,0,0,0,0,0,0,0,0,0,1
59099,0,0,8,0,0,0,0,0,0,1,0,0,0,0
59114,0,2,0,0,0,0,0,0,0,0,0,0,0,0
59135,0,0,0,0,0,0,0,0,1,0,0,0,0,0
59136,0,0,0,0,0,0,0,0,0,0,0,1,0,0
59137,2,0,0,0,0,0,0,1,0,0,0,2,0,0
59144,0,0,0,0,0,0,0,1,0,0,0,0,0,0
59215,0,0,0,0,0,0,0,0,3,0,0,1,0,0
59395,0,1,10,0,6,3,0,1,66,2,28,5,7,6
59397,1,0,0,3,0,0,0,0,0,1,0,0,0,4
59438,2,1,1,0,0,1,0,0,0,0,0,1,0,1
59439,4,0,0,0,0,2,1,3,0,0,0,1,0,8
59448,4,0,0,0,0,0,0,1,0,0,1,0,0,0
59449,0,0,0,0,0,0,1,0,0,0,0,0,0,0
59450,0,0,0,0,0,0,0,1,0,0,0,0,0,0
59451,1,1,0,0,0,1,3,3,0,1,0,0,0,4
59452,2,0,0,0,0,2,0,1,0,0,0,1,0,0
59453,1,0,0,0,1,0,0,1,0,1,0,1,0,3
59454,0,0,0,0,0,0,0,0,0,1,2,1,0,2
59456,1,1,0,0,7,2,0,2,0,2,2,3,1,1
59463,2,0,0,0,0,5,1,0,0,5,1,0,0,0
59467,0,2,0,0,0,0,0,1,0,0,0,1,0,0
59470,1,0,0,0,0,0,0,0,0,0,0,0,0,0
59471,0,0,0,0,0,1,9,0,0,2,0,5,1,0
59488,1,0,0,0,0,4,0,0,0,0,0,1,0,0
59489,0,0,0,0,0,0,0,0,0,0,1,0,0,0
59495,0,0,0,0,0,1,0,0,0,1,0,0,0,0
59499,5,2,1,1,0,3,0,0,0,1,0,4,0,1
59505,1,0,0,0,0,0,0,0,0,0,0,0,0,0
59762,0,1,0,0,5,0,0,1,6,0,1,0,1,0
59778,1,1,0,1,0,15,4,3,2,3,2,5,7,1
59797,2,1,0,0,0,0,1,0,0,1,1,2,1,0
59807,0,0,0,0,0,2,0,0,0,1,0,0,0,1
59808,0,0,0,0,0,0,0,0,1,0,0,0,0,0
59809,10,0,0,0,8,3,0,2,0,3,0,8,0,26
59810,0,0,0,0,0,0,0,0,0,0,1,0,0,0
59812,0,0,1,0,0,1,0,0,0,0,0,0,0,0
59813,1,1,1,0,0,0,0,1,0,1,0,0,0,0
59826,0,0,0,0,0,2,1,1,0,0,0,5,1,0
59828,20,5,10,8,9,19,15,18,1,18,33,26,21,7
59837,5,1,15,0,40,9,1,9,80,15,74,16,33,7
59844,1,0,0,0,0,0,0,0,1,0,0,0,0,0
59845,0,0,1,0,0,2,0,0,0,0,1,0,0,0
59847,0,0,0,0,0,0,0,0,0,0,0,1,0,0
59857,0,0,0,0,0,1,1,0,0,0,0,4,1,0
59858,0,0,0,0,0,0,0,0,0,0,0,0,0,0
59865,0,0,1,0,0,0,0,0,1,1,0,0,0,0
59907,0,0,0,1,0,0,0,1,0,0,2,0,0,0
59983,0,0,0,0,0,1,0,0,0,0,0,0,0,0
60098,0,0,0,0,0,0,0,0,1,0,0,0,0,0
60111,0,2,0,0,1,0,0,0,3,1,0,0,0,0
60112,0,0,2,1,9,5,0,6,32,3,11,5,7,5
60113,1,0,0,0,1,1,1,0,9,3,5,5,1,1
60114,6,3,1,6,3,0,6,3,1,1,1,3,2,0
60115,2,2,0,0,1,0,0,1,0,1,2,1,1,0
60117,0,0,0,0,0,0,0,0,1,0,0,0,0,0
60145,0,0,1,0,0,0,0,0,0,1,0,0,0,0
60150,0,0,0,0,0,0,2,0,0,0,0,0,0,0
60154,0,0,5,0,0,0,0,0,0,1,0,0,0,0
60163,0,0,0,0,0,0,0,0,0,0,0,0,0,0
60165,0,0,0,0,0,0,0,0,0,0,1,0,0,1
60170,0,0,0,0,0,0,0,0,0,0,0,0,0,1
60171,1,0,0,0,1,0,0,0,0,1,0,0,0,0
60176,1,0,0,1,0,0,0,1,0,0,0,0,0,1
60179,1,0,0,1,0,1,1,1,1,0,3,0,2,0
60184,0,0,0,0,0,0,0,0,1,0,0,1,0,0
60210,1,0,0,1,0,1,0,0,0,1,0,0,0,6
60212,1,0,0,0,1,1,0,0,0,0,1,0,0,0
60392,0,0,0,0,5,0,0,0,80,2,0,4,1,2
60469,1,0,0,0,2,1,0,0,1,0,0,0,0,0
60478,1,3,1,1,2,1,3,2,1,0,0,3,2,2
60484,1,0,0,0,1,0,0,0,4,0,0,0,0,0
60491,1,1,4,0,10,5,0,3,64,2,13,5,11,5
60505,0,0,0,0,0,0,1,0,0,0,0,0,0,0
60513,0,0,0,0,0,1,0,0,1,0,1,0,3,1
60517,0,0,0,0,0,0,0,2,0,0,0,0,0,1
60518,0,0,0,0,0,0,0,0,0,0,1,0,0,0
60524,0,0,0,0,0,0,0,0,0,0,0,0,0,1
60525,0,0,0,0,0,0,0,0,0,0,0,0,0,1
60526,0,0,1,0,0,0,0,0,0,0,0,0,0,0
60527,0,0,0,0,0,0,0,0,0,0,0,2,0,0
60530,0,0,2,0,0,0,0,0,0,0,0,0,0,0
60532,0,0,0,0,1,0,0,0,0,0,1,0,0,0
60534,1,0,0,1,1,0,0,0,0,0,0,0,0,0
60539,0,0,0,0,0,1,0,0,0,0,0,0,0,0
60546,0,0,0,0,0,0,0,0,0,1,0,0,0,0
60569,0,0,0,0,2,0,0,0,1,0,0,0,1,0
60575,0,0,0,0,0,1,0,0,0,0,1,0,1,0
60817,0,0,1,0,0,0,0,0,0,0,0,0,0,0
60842,0,1,0,0,2,0,1,0,0,0,2,0,1,0
60865,0,0,0,0,0,0,0,0,1,0,0,0,0,0
60876,1,1,0,0,0,0,0,0,3,1,0,1,0,8
60877,0,0,1,0,0,0,0,0,0,0,0,0,0,0
60878,0,0,0,0,0,0,0,0,0,0,0,1,0,0
60884,0,0,0,0,0,0,0,0,0,0,1,2,1,1
60890,0,0,0,0,0,1,0,0,0,0,0,0,0,0
60892,0,0,0,0,0,1,0,0,0,0,0,0,0,0
60894,1,0,2,0,0,1,0,0,2,0,2,3,3,9
60895,1,0,0,1,0,1,0,0,0,1,0,1,0,1
60896,0,0,0,0,0,1,0,0,0,0,0,0,0,0
60902,1,0,1,0,1,1,0,3,1,3,2,0,2,3
60910,0,1,1,0,0,1,0,1,1,0,3,1,1,0
60912,0,0,0,0,0,0,0,0,0,0,0,1,0,0
60940,1,0,0,0,1,0,0,0,0,0,2,0,0,0
61163,0,0,0,0,0,0,0,0,1,0,0,1,0,0
61231,1,0,1,0,7,1,0,0,14,2,2,1,4,2
61235,1,0,0,0,1,1,0,1,1,0,1,1,0,0
61247,0,0,0,0,0,0,0,0,0,0,0,0,0,1
61249,0,0,1,0,0,0,0,0,3,0,2,1,0,3
61251,1,1,2,0,7,8,0,2,184,8,6,6,2,2
61252,2,0,0,0,0,1,0,1,0,2,0,0,0,12
61253,0,0,0,0,0,0,0,0,0,0,0,0,0,1
61258,1,0,0,0,1,0,0,1,5,10,13,0,0,2
61264,0,0,0,0,0,1,2,0,1,0,1,3,0,1
61265,0,0,0,0,0,1,0,0,0,0,0,0,0,1
61267,3,0,0,0,0,4,1,0,1,2,1,0,0,0
61268,1,0,0,0,0,0,0,1,0,0,0,1,2,5
61278,0,0,1,1,0,1,0,0,0,0,1,1,0,2
61280,1,0,0,0,0,0,0,0,0,0,0,1,0,0
61291,0,1,15,1,5,4,2,3,16,0,25,4,11,2
61298,3,0,2,0,1,1,0,1,0,1,2,0,1,0
61575,0,0,0,0,0,1,0,0,0,0,0,0,0,0
61601,3,0,0,0,0,0,0,0,0,2,0,0,0,0
61604,2,0,4,1,8,2,0,2,7,0,5,6,2,1
61608,1,0,10,0,2,0,0,0,24,1,7,2,3,3
61609,3,0,0,0,0,0,0,0,1,0,1,1,0,0
61612,0,0,0,0,0,0,0,0,0,1,0,0,0,2
61615,0,1,1,0,0,0,0,0,0,0,0,0,0,0
61616,1,0,2,0,0,0,0,1,0,1,0,0,2,3
61619,0,0,0,0,1,0,0,0,0,0,0,0,0,0
61620,0,0,0,0,0,0,0,0,0,0,0,1,0,0
61621,0,0,0,0,0,0,1,0,0,0,0,0,1,1
61624,0,0,0,0,0,0,0,0,0,0,0,1,0,0
61625,0,0,0,0,0,0,0,0,0,0,0,0,0,1
61626,0,0,1,0,1,1,0,0,0,2,9,2,0,1
61628,1,0,0,0,0,4,1,0,0,0,0,0,0,6
61629,0,1,0,1,0,2,0,4,0,1,0,0,0,1
61630,0,0,5,0,0,1,0,0,0,0,0,1,0,1
61632,0,0,0,0,1,0,0,1,0,0,0,2,0,2
61633,4,7,2,0,0,0,1,2,0,0,0,3,1,0
61634,0,0,1,0,3,0,0,0,0,0,0,1,0,0
61636,0,0,0,0,1,0,0,0,0,0,0,0,0,0
61638,1,0,0,0,0,0,0,1,0,1,0,7,0,0
61639,1,3,0,0,0,0,4,0,0,0,0,0,0,0
61644,1,0,0,0,0,0,1,1,0,1,0,0,0,1
61646,4,0,0,0,0,0,0,0,0,1,0,1,0,1
61648,1,0,0,1,0,0,1,0,0,1,0,0,0,0
61651,1,4,6,0,1,7,8,2,0,3,4,4,1,9
61653,2,1,1,0,7,1,2,2,1,2,2,6,0,0
61654,0,0,0,0,0,0,0,0,0,0,0,0,0,0
61941,0,0,0,0,39,0,0,0,30,1,15,1,0,3
61952,0,0,1,0,4,0,0,2,1,0,1,0,1,0
61953,0,0,0,0,0,0,2,0,0,0,0,0,0,0
61954,0,0,0,0,1,0,0,0,4,0,5,1,0,0
61970,0,0,0,0,0,2,0,0,0,2,0,1,0,0
61971,2,8,0,2,1,1,3,2,3,1,3,3,3,2
61988,0,0,0,0,0,0,0,1,0,0,1,0,1,0
61990,1,1,2,0,0,15,6,0,0,2,0,4,0,2
61994,6,0,0,0,4,5,3,2,0,1,7,7,0,0
61995,0,0,0,0,0,1,0,0,0,0,0,2,0,0
61996,0,1,0,0,0,0,1,0,0,1,1,0,0,0
61999,0,0,0,0,0,0,0,0,0,0,0,1,1,1
62002,0,0,1,0,0,0,0,0,0,0,0,1,0,0
62004,16,0,2,1,1,5,2,8,0,0,1,2,2,4
62005,0,1,0,0,1,0,1,1,0,0,0,3,0,0
62006,42,6,6,225,5,47,8,29,0,34,4,38,7,4
62007,0,0,0,0,0,4,0,1,0,0,2,5,3,0
62008,0,0,1,1,1,3,0,2,1,1,1,2,1,3
62009,0,0,2,1,0,0,2,0,0,0,2,0,0,0
62011,1,0,0,0,1,1,4,1,0,0,1,0,0,0
62016,0,0,0,0,0,0,0,2,0,0,0,0,0,0
62018,2,5,1,0,4,3,2,0,0,0,0,6,1,0
62019,1,2,0,0,0,0,9,0,0,1,0,0,0,0
62020,2,0,0,0,0,2,1,0,0,0,0,0,0,0
62021,7,2,0,0,0,2,8,4,0,1,1,5,0,0
62022,7,3,2,0,1,4,7,5,1,3,5,1,1,1
62024,0,0,0,0,0,0,0,0,0,1,0,0,0,0
62025,0,0,0,0,1,0,0,0,0,0,1,0,0,0
62026,9,0,0,3,0,1,6,2,0,1,0,3,0,0
62027,1,0,0,0,0,1,0,1,0,0,6,1,1,2
62043,0,0,0,0,0,0,1,0,0,1,0,1,0,0
62049,0,0,2,0,0,0,0,0,1,0,0,0,0,0
62091,1,0,0,0,0,0,0,1,0,0,0,0,0,0
62273,1,0,4,0,3,2,0,0,60,0,8,6,3,0
62275,0,0,2,0,0,0,0,0,3,1,0,0,0,0
62317,5,3,0,0,1,1,0,1,0,0,0,0,1,1
62341,2,0,2,0,0,2,0,1,28,1,2,0,0,0
62345,2,0,26,0,1,1,0,1,2,0,1,3,5,4
62349,1,0,0,0,0,1,0,0,0,1,1,1,0,1
62355,1,0,1,1,0,0,0,0,3,0,2,0,1,3
62358,2,0,0,0,0,1,0,0,0,1,0,1,0,4
62359,0,0,0,0,0,0,0,0,0,0,0,0,0,0
62360,2,1,3,0,4,3,4,2,6,4,9,6,1,0
62363,0,0,1,0,0,3,1,0,0,0,0,0,0,0
62364,0,0,0,0,0,0,0,0,0,0,2,0,0,2
62368,0,0,0,0,0,1,0,0,1,0,0,0,0,0
62369,1,0,1,0,1,0,0,1,0,0,1,1,1,1
62372,1,0,0,1,2,0,0,1,0,0,1,2,2,0
62378,0,0,2,0,1,0,0,0,0,0,1,0,0,0
62379,0,0,0,0,0,0,0,0,0,0,0,1,0,0
62385,0,0,0,0,0,0,0,0,0,0,0,0,0,0
62386,1,0,0,0,1,0,0,0,0,0,0,0,0,0
62387,1,4,1,0,0,6,0,4,1,1,5,5,1,2
62388,0,0,0,0,0,0,0,0,0,1,5,0,0,0
62396,0,0,0,1,0,0,0,0,0,2,0,2,0,0
62400,0,0,0,0,0,0,0,0,0,0,0,0,0,0
62401,7,4,4,0,7,6,0,7,3,2,7,5,6,2
62414,0,0,0,0,0,0,0,0,0,1,0,0,0,0
62693,0,0,3,0,5,1,0,0,12,0,6,1,0,0
62694,0,1,0,0,1,1,0,0,3,1,1,0,0,0
62707,0,0,0,0,2,0,0,0,12,2,8,2,0,0
62708,0,0,0,0,0,1,0,0,1,0,1,1,0,0
62712,0,0,0,0,0,0,0,0,1,0,0,0,0,0
62720,89,15,60,481,38,126,5,55,906,227,51,279,250,138
62723,0,0,0,0,0,2,0,0,0,0,0,0,0,0
62739,1,0,0,0,4,1,1,1,7,0,18,3,1,0
62749,1,0,0,0,1,0,0,0,1,0,2,0,0,1
62751,0,0,0,0,0,0,1,0,0,0,0,0,0,0
62756,2,5,0,0,0,2,0,1,0,0,0,0,0,1
62757,2,1,0,0,1,0,4,1,0,2,1,8,0,0
62758,0,0,0,0,1,0,0,1,0,0,1,0,1,0
62762,0,0,0,0,0,0,0,0,0,0,1,0,0,0
62763,0,0,0,0,0,0,0,0,0,0,1,0,0,0
62765,1,2,3,0,0,1,1,1,0,0,0,0,0,1
62766,0,0,0,0,0,0,0,1,0,0,0,0,0,0
62767,10,2,1,0,3,12,3,6,1,2,15,4,4,0
62769,0,0,0,0,1,0,0,0,0,0,2,0,0,0
62771,0,0,0,0,1,0,0,0,1,1,8,1,0,0
62774,11,1,1,0,3,3,4,0,1,7,3,11,1,2
62778,1,1,0,3,0,1,0,0,0,4,0,4,0,10
62781,1,0,0,0,0,0,0,0,1,1,1,1,0,0
62784,0,0,0,0,0,0,0,3,0,1,0,1,0,0
62985,1,0,15,0,3,1,0,2,183,4,7,8,10,1
63036,0,0,1,0,0,0,0,0,4,0,1,0,0,0
63073,0,0,0,0,7,0,0,0,7,2,1,1,1,1
63092,1,0,14,0,5,1,1,0,38,3,63,6,4,5
63098,0,0,0,0,1,1,0,0,8,1,0,1,1,0
63100,1,0,3,5,0,2,0,0,9,1,0,4,1,2
63108,0,0,0,0,2,0,0,0,0,0,1,0,0,0
63110,0,0,0,0,3,1,0,0,0,0,0,0,0,0
63117,0,0,3,1,0,0,1,0,0,1,0,0,0,1
63120,0,0,0,0,0,1,0,0,0,0,1,1,1,0
63122,0,1,0,0,0,0,5,0,0,0,0,0,0,0
63127,2,0,0,0,0,1,0,0,0,0,0,0,0,0
63132,0,0,0,0,0,0,0,0,0,0,0,0,0,0
63135,0,0,0,0,0,0,0,0,1,0,1,0,1,0
63137,6,3,1,0,2,2,0,2,0,7,1,0,1,7
63138,2,1,0,6,0,0,1,3,0,2,3,0,1,2
63139,0,0,0,0,0,1,0,0,0,1,1,0,0,0
63140,1,1,1,0,0,2,0,2,2,0,13,3,3,3
63143,0,0,0,0,0,0,0,0,0,0,1,0,0,0
63146,6,1,1,0,2,3,2,8,0,2,0,2,0,3
63147,1,1,0,0,0,0,0,0,0,0,0,1,0,0
63148,0,0,0,0,0,0,0,0,0,1,0,0,2,0
63150,0,0,0,0,0,1,1,1,0,0,0,1,0,0
63151,2,2,0,0,0,0,4,1,0,0,2,2,0,2
63154,0,0,0,0,0,0,0,1,0,0,0,0,0,0
63155,0,0,0,0,0,0,1,0,0,0,2,0,0,0
63159,0,1,2,0,0,2,4,0,1,0,4,2,1,2
63169,0,2,0,0,0,1,0,0,0,1,0,0,0,1
63444,0,0,1,0,0,0,0,0,0,0,0,0,1,0
63458,0,0,0,0,1,0,1,0,0,0,1,0,0,0
63488,0,0,0,0,0,0,0,1,0,0,0,0,1,0
63491,0,0,0,0,0,0,0,0,1,0,0,0,0,0
63495,1,0,0,0,0,0,0,0,0,0,0,0,1,0
63507,0,0,0,0,0,1,0,0,0,1,0,0,0,0
63508,0,0,0,0,0,1,0,0,4,0,0,0,0,0
63511,0,0,0,1,0,0,0,0,0,0,1,0,0,0
63513,0,0,0,0,0,1,0,0,0,0,0,1,0,0
63514,1,0,0,0,0,12,0,0,0,1,0,1,0,0
63518,0,0,1,0,0,0,0,0,0,0,0,0,0,0
63520,1,0,0,0,0,1,0,1,0,0,0,0,0,0
63521,0,0,0,0,0,0,0,0,0,0,1,0,0,0
63523,1,1,0,1,0,0,4,0,0,0,1,3,0,0
63524,1,2,0,1,2,4,0,1,0,0,4,3,1,0
63525,3,1,0,6,0,10,0,12,0,4,5,7,1,0
63527,1,0,0,0,0,0,0,0,0,0,1,0,0,1
63528,1,1,0,0,1,1,8,3,1,2,1,3,2,0
63530,0,0,0,0,0,0,0,0,2,0,3,0,1,0
63535,0,5,0,0,0,1,0,6,0,1,2,0,0,2
63536,0,0,0,1,0,0,0,0,0,1,0,0,0,1
63537,0,0,0,0,0,0,0,0,0,0,1,0,0,1
63539,1,0,0,0,0,0,0,0,0,1,0,2,0,0
63540,1,3,2,0,3,4,1,5,1,1,4,1,2,0
63541,1,2,0,5,0,2,2,0,0,0,0,5,0,0
63544,0,0,0,0,0,0,0,0,0,0,1,0,0,0
63550,0,0,0,0,0,3,1,0,0,1,0,2,0,0
63551,2,1,9,0,0,0,5,0,0,1,0,0,2,3
63553,2,1,0,0,0,1,1,0,0,0,0,0,0,0
63554,0,1,0,0,0,0,2,2,0,2,1,1,0,0
63556,3,0,0,0,0,1,0,2,0,1,0,3,0,6
63810,1,0,3,0,2,0,0,0,41,0,2,1,2,1
63815,0,0,0,0,0,2,0,0,13,1,3,1,1,0
63827,0,0,0,0,1,0,0,2,0,0,1,0,0,0
63838,0,0,0,0,0,0,0,0,0,0,0,1,0,0
63855,0,0,1,0,1,0,1,0,0,0,0,0,1,0
63866,0,0,0,0,0,0,0,0,1,0,0,0,1,0
63871,1,0,1,1,2,2,1,0,4,2,0,1,1,0
63881,0,0,2,0,0,0,0,0,0,1,0,4,2,4
63882,0,0,0,0,0,0,0,0,0,0,0,1,0,0
63884,0,0,0,0,0,1,0,0,0,1,1,0,1,0
63886,9,0,2,2,0,0,0,1,0,0,0,1,1,0
63888,2,0,0,1,1,0,1,7,0,0,0,4,0,0
63889,0,0,0,0,1,0,0,0,0,0,0,0,0,0
63890,0,0,0,0,2,0,0,0,0,0,4,0,1,0
63891,0,0,0,0,1,1,1,0,0,0,0,0,0,0
63893,4,1,3,0,5,2,0,6,0,0,12,4,3,3
63895,1,0,0,0,0,0,0,1,0,0,0,0,1,0
63896,2,0,0,0,0,8,3,1,0,3,0,3,0,1
63897,0,0,0,0,0,0,0,0,0,1,0,0,0,0
63899,0,0,0,0,0,0,0,0,0,2,0,0,0,0
63900,0,0,0,1,0,0,0,0,0,0,0,0,0,0
63901,1,0,3,1,0,3,0,1,0,1,0,0,0,0
63902,14,29,1,4,0,25,6,9,0,16,1,15,4,0
63903,2,0,0,1,3,3,1,3,0,1,16,1,1,5
63904,1,0,1,0,0,0,1,0,0,1,0,0,0,0
63905,2,1,0,0,0,1,2,0,0,0,0,1,0,0
63906,18,3,1,2,2,2,15,12,0,7,3,5,2,3
63907,6,3,0,6,0,6,7,13,0,9,2,9,4,1
63908,4,2,3,0,3,4,2,0,0,1,36,11,2,4
63909,0,0,0,0,1,0,0,0,0,0,0,0,0,0
63910,6,2,1,2,0,5,2,3,0,5,0,11,0,2
63911,2,2,1,0,1,1,4,2,0,1,0,0,3,1
63912,0,0,0,0,0,0,0,0,0,0,0,1,0,1
63913,5,2,1,1,1,0,0,1,0,0,0,1,0,0
63914,0,0,0,0,0,0,2,1,0,0,0,0,0,0
63915,1,1,0,0,1,1,0,0,0,1,2,0,0,0
63916,0,0,0,0,0,0,0,1,0,0,1,0,0,0
63917,2,0,0,0,6,2,0,1,0,0,0,0,0,1
63918,0,0,0,0,0,0,0,0,0,0,0,0,0,1
63921,0,0,1,0,0,0,1,1,0,0,0,1,0,0
63930,1,0,0,0,0,0,0,0,0,0,0,0,0,0
63932,10,14,8,2,0,8,5,2,0,8,9,14,2,3
63933,0,0,0,0,0,0,1,0,0,0,0,0,0,0
63934,0,0,0,0,2,0,0,0,1,0,2,0,1,0
63935,0,0,0,0,0,0,0,0,0,0,1,0,2,0
63938,0,2,0,0,0,1,0,0,0,0,0,0,0,0
63941,2,1,1,0,0,0,0,0,0,0,2,1,0,0
64052,0,0,0,0,0,0,0,0,0,0,0,0,0,1
64065,0,0,0,0,1,0,0,0,0,0,0,0,0,0
64124,0,0,7,0,0,0,0,4,7,1,0,0,5,0
64128,1,0,21,0,11,0,0,0,14,2,3,1,0,3
64193,0,0,0,0,0,0,0,0,2,2,2,0,1,0
64201,0,0,1,0,0,0,0,0,1,0,1,0,0,0
64219,1,0,0,0,0,1,0,0,0,0,0,0,0,4
64220,1,0,0,1,0,0,0,0,0,0,0,1,0,0
64232,0,0,0,0,3,0,0,1,1,0,1,1,0,0
64253,0,0,0,0,0,0,0,0,1,0,0,0,0,0
64256,3,0,0,1,0,2,0,0,0,0,2,0,2,1
64258,0,0,0,0,0,1,0,0,1,0,0,0,1,1
64261,0,1,0,0,0,0,0,0,0,0,0,0,0,0
64262,0,0,0,0,0,0,0,0,1,0,0,1,0,0
64263,0,0,0,0,0,0,0,0,0,0,0,0,1,0
64264,0,0,0,0,1,0,0,2,4,1,14,1,8,3
64265,0,0,0,0,0,0,0,0,0,0,0,1,0,0
64267,4,2,0,1,0,1,0,0,0,1,0,1,0,0
64268,3,2,5,1,2,5,1,9,0,1,0,1,0,2
64271,1,0,0,0,2,1,5,1,0,0,4,4,1,1
64273,0,0,0,0,0,0,1,0,0,0,0,1,0,0
64278,0,0,0,0,0,1,0,1,0,1,0,1,0,1
64281,0,0,0,0,0,0,0,1,0,0,0,0,1,0
64282,1,0,0,0,0,0,0,0,0,1,0,0,0,0
64283,0,1,0,0,0,0,0,0,0,0,1,0,0,0
64284,15,5,0,4,0,13,7,7,4,2,0,10,0,0
64285,10,20,0,2,1,7,15,16,1,8,3,8,3,2
64288,65,8,12,20,20,63,17,36,9,41,80,60,47,105
64289,5,0,0,0,0,1,0,1,0,3,0,8,2,39
64292,1,0,0,0,0,1,3,1,0,0,0,5,2,1
64295,0,4,0,1,0,0,4,2,0,0,0,2,0,0
64299,1,0,0,0,0,3,0,4,0,2,0,1,0,3
64305,1,0,2,0,0,1,1,2,0,0,0,0,3,14
64309,1,0,0,0,1,3,0,0,0,2,0,2,1,4
64318,1,0,0,0,0,0,0,0,0,0,0,0,0,0
64319,0,0,0,0,0,0,0,0,0,0,0,1,0,0
64322,0,0,0,1,0,0,0,1,0,0,0,0,0,0
64324,1,0,0,0,0,0,0,0,0,0,0,0,0,0
64344,0,0,0,0,0,0,0,0,0,0,1,0,0,1
64553,0,0,0,0,0,0,0,1,5,0,11,0,1,0
64575,0,0,0,0,0,0,0,0,1,0,0,0,0,0
64602,1,6,1,0,0,1,7,0,0,0,0,1,1,0
64631,1,0,2,0,8,2,0,4,33,1,5,3,1,1
64640,0,0,0,0,0,0,0,0,0,0,0,0,0,0
64642,0,0,0,0,0,0,0,0,0,0,0,0,0,1
64643,0,0,0,0,1,0,1,0,0,1,0,0,0,1
64655,0,0,0,0,0,0,0,0,0,0,0,1,0,0
64656,0,0,0,0,0,0,0,0,0,1,0,0,0,0
64660,1,0,0,0,0,1,0,0,0,0,0,0,0,0
64661,1,0,0,0,7,1,0,0,0,0,0,0,0,0
64663,0,0,9,0,3,0,0,1,6,1,8,1,5,5
64664,0,0,0,0,0,0,0,0,0,0,0,1,0,0
64666,8,2,0,10,0,2,0,2,0,5,1,7,2,0
64667,15,7,5,0,24,11,19,12,2,6,24,9,5,1
64668,1,0,0,0,0,0,0,0,0,0,0,0,0,0
64670,0,0,3,0,1,1,0,2,0,1,0,2,4,14
64673,1,0,0,0,0,0,0,0,0,0,0,0,0,1
64674,3,2,2,0,1,4,5,1,1,4,0,2,1,1
64675,1,0,0,0,0,0,1,0,0,0,0,0,0,0
64676,1,0,0,0,0,0,0,0,0,0,0,0,0,0
64677,10,6,1,1,6,9,3,3,1,4,8,17,2,1
64679,0,0,0,0,1,0,0,0,0,0,0,0,0,0
64680,3,1,0,1,3,2,0,1,0,0,2,2,1,0
64683,1,0,0,0,0,0,0,0,0,1,0,5,0,0
64684,2,0,0,0,0,1,1,0,0,0,0,1,0,0
64685,1,1,0,0,0,1,0,2,0,0,0,3,0,2
64686,0,1,0,0,0,0,1,0,0,0,0,1,2,0
64687,0,0,0,0,0,0,1,0,0,0,0,0,0,0
64691,3,1,1,0,1,0,2,0,0,0,1,4,1,0
64693,3,0,1,0,0,0,1,0,0,0,0,0,0,0
64694,0,0,0,0,0,0,0,0,0,0,1,0,0,0
64697,0,0,0,0,0,5,0,0,0,1,1,0,0,0
64701,4,8,1,0,1,1,2,1,0,0,3,4,2,0
64704,0,0,0,0,0,0,0,0,0,0,1,0,0,0
64714,0,0,0,0,0,0,0,0,0,0,2,0,0,1
64726,0,0,3,0,0,1,0,0,2,0,0,0,1,0
64984,0,0,0,0,0,0,1,0,0,0,1,0,0,0
64985,1,1,1,0,1,0,1,1,2,1,0,0,1,1
64986,0,0,0,0,0,0,0,0,1,0,0,0,0,0
65020,1,0,2,1,1,2,0,1,10,1,2,0,1,0
65021,2,0,0,0,0,2,0,0,1,0,1,3,0,0
65026,1,1,0,0,0,0,1,0,3,0,1,2,5,0
65032,0,0,0,0,0,0,0,1,0,0,0,0,0,0
65033,0,0,0,0,1,0,0,0,0,0,0,0,0,0
65034,0,0,0,0,1,1,0,0,0,0,0,0,0,0
65035,0,0,0,0,0,0,0,0,0,0,1,0,0,0
65036,0,1,0,1,0,0,0,0,0,0,0,0,0,0
65037,0,0,0,0,0,1,1,0,0,1,0,3,0,1
65039,2,1,0,1,3,0,2,1,0,0,3,1,1,0
65042,0,0,0,0,0,0,9,1,0,0,0,0,0,0
65043,1,1,0,0,0,1,0,0,0,0,1,2,0,1
65044,4,0,6,0,2,2,2,1,0,2,5,2,2,2
65046,0,0,1,0,0,0,0,0,0,0,1,0,0,0
65047,8,0,5,1,1,1,1,2,1,0,1,5,2,18
65048,8,8,2,7,2,4,19,7,1,1,0,3,3,1
65049,4,6,1,1,1,7,41,8,0,5,4,22,0,1
65050,0,0,0,0,0,0,0,0,0,1,0,0,0,0
65052,4,0,0,4,0,7,1,0,0,5,3,7,3,13
65053,0,0,0,0,0,0,0,0,0,0,0,0,0,0
65055,2,1,1,0,7,4,0,3,0,0,3,4,1,0
65056,0,0,0,0,0,4,1,0,2,1,0,3,1,4
65059,0,0,0,0,0,0,0,0,0,0,0,2,0,0
65063,0,0,0,0,0,0,0,1,0,0,0,0,0,0
65065,2,0,2,0,0,1,0,0,0,1,0,2,0,50
65066,0,0,0,0,1,0,0,0,0,0,1,0,0,0
65067,4,0,1,3,1,2,0,0,0,5,0,5,0,1
65069,0,0,0,0,1,1,2,0,0,0,0,1,0,0
65073,0,0,0,0,0,0,0,0,0,0,1,1,0,0
65076,1,1,6,0,0,2,0,0,0,1,0,5,0,2
65077,3,0,2,1,0,1,0,1,0,2,1,5,1,1
65082,0,1,0,0,0,0,0,0,0,0,0,0,0,0
65083,0,0,0,0,0,1,0,0,0,0,0,0,0,1
65095,0,0,0,0,0,0,0,1,0,1,0,0,0,0
65096,0,0,0,0,0,1,0,0,0,0,0,0,0,0
65108,0,0,11,0,0,0,0,0,3,0,1,0,1,0
65304,0,0,1,0,0,0,0,0,2,2,3,0,1,0
65379,0,0,0,0,0,0,0,0,0,0,1,0,0,0
65393,0,0,4,0,3,1,0,0,41,2,9,7,4,3
65395,0,0,1,0,1,0,0,0,1,0,0,0,0,0
65406,1,0,0,0,0,1,0,0,0,1,0,0,0,0
65414,0,0,0,0,1,6,0,0,0,0,0,1,0,0
65415,0,0,1,0,0,1,0,0,1,0,0,0,0,0
65416,0,0,0,0,0,3,0,0,0,0,0,0,0,0
65418,0,0,0,0,0,0,0,1,0,0,0,0,0,0
65419,0,0,0,0,0,0,0,0,0,0,0,2,0,0
65422,0,1,0,0,1,0,0,0,3,0,4,0,0,2
65423,0,1,0,0,0,1,0,0,0,0,0,0,0,0
65424,1,0,0,0,0,0,8,1,0,1,0,0,0,0
65425,1,0,0,1,1,1,0,0,0,0,0,0,0,0
65426,0,0,1,0,0,0,0,0,0,0,0,0,0,0
65427,0,0,0,1,0,0,0,0,0,0,0,0,0,0
65428,0,0,0,0,0,1,0,1,0,1,0,0,0,0
65429,3,3,2,14,1,17,2,5,0,2,0,8,0,20
65430,0,0,1,0,0,2,1,1,0,1,2,0,0,0
65431,10,5,6,8,1,2,11,3,0,4,2,6,2,2
65433,1,1,0,0,1,0,0,0,1,0,4,1,0,0
65434,0,1,0,0,0,0,3,0,0,0,0,1,0,0
65435,5,6,2,0,0,1,11,3,0,2,6,2,1,1
65437,0,0,0,0,0,1,0,0,0,0,0,0,0,0
65438,1,2,0,0,0,2,12,1,0,1,0,1,1,0
65439,0,3,0,0,1,1,2,2,1,1,3,2,1,2
65440,0,0,0,0,0,0,0,0,0,0,0,0,1,0
65441,0,0,1,0,0,0,0,0,0,0,2,0,0,0
65442,2,0,0,1,0,2,0,0,2,0,0,0,0,3
65444,0,1,0,0,0,0,0,0,0,0,0,0,1,0
65446,0,0,0,0,1,1,0,0,0,0,0,0,0,0
65448,0,1,0,0,0,2,0,1,2,3,2,2,2,1
65449,0,0,0,0,0,0,0,0,0,0,1,0,0,1
65450,0,1,0,0,0,0,0,0,0,0,0,1,0,0
65451,0,0,0,0,0,0,1,0,0,0,0,2,0,0
65452,0,0,0,0,0,0,0,0,0,0,0,0,0,0
65454,0,0,0,0,0,0,3,0,0,0,0,0,0,0
65455,0,0,0,0,0,1,2,0,0,0,0,2,0,0
65456,1,0,0,0,2,0,2,0,0,0,0,0,0,0
65457,0,1,0,0,0,1,2,0,0,0,0,0,0,0
65458,1,0,0,0,0,0,3,0,0,0,0,0,0,0
65460,0,2,0,0,0,0,4,1,0,0,2,1,0,0
65462,0,0,0,0,0,1,0,0,0,0,0,0,0,0
65463,0,0,0,0,0,0,0,0,0,0,1,0,0,0
65464,2,0,0,0,0,0,0,1,0,0,0,4,0,0
65478,1,0,0,0,2,0,0,0,0,2,3,1,4,0
65679,0,0,1,0,1,0,0,0,3,0,0,0,1,0
65683,0,0,1,0,0,0,0,0,0,0,0,1,0,0
65688,0,0,1,0,1,0,0,1,2,0,2,1,0,0
65753,0,1,0,0,0,1,2,0,1,0,0,0,1,0
65754,0,0,0,0,0,0,1,0,0,0,0,0,0,0
65764,0,0,0,0,1,0,0,0,1,0,0,0,1,0
65766,0,0,0,0,0,0,0,0,0,0,0,1,0,0
65776,0,0,20,1,1,0,0,1,5,2,1,0,2,1
65785,0,1,0,1,3,0,2,0,1,1,1,0,2,0
65790,0,0,0,0,0,0,0,0,0,0,2,0,0,0
65793,0,0,0,0,0,0,0,0,0,0,0,1,0,0
65797,0,0,0,0,0,0,0,0,0,0,0,0,0,0
65801,1,0,0,0,0,0,0,0,0,0,0,0,0,0
65802,0,0,0,0,0,0,1,0,0,0,0,0,0,0
65804,1,0,0,0,0,0,0,0,0,0,0,1,0,0
65805,0,0,0,0,0,1,0,0,0,0,0,0,1,1
65806,1,2,0,0,0,0,10,0,3,2,2,0,0,0
65807,0,0,2,0,1,1,0,0,2,0,2,0,2,0
65808,0,0,0,0,0,0,0,0,0,0,0,0,1,0
65810,1,7,0,4,1,0,0,2,0,3,0,3,0,7
65811,0,1,0,0,0,0,0,0,0,0,0,0,0,0
65812,1,0,0,0,0,0,0,0,1,1,0,2,5,2
65813,17,7,12,6,24,22,14,21,1,11,34,20,6,9
65814,4,2,0,0,0,1,1,2,0,1,1,1,0,0
65815,10,2,6,0,43,13,8,15,20,15,142,16,33,9
65816,0,0,0,0,0,0,3,2,0,0,0,0,0,1
65817,1,0,0,0,0,0,2,0,0,0,1,1,0,1
65818,0,0,0,0,1,0,0,1,0,1,1,0,0,0
65820,16,2,0,0,1,1,1,4,0,3,2,4,0,0
65821,4,1,3,6,7,8,5,3,1,3,3,14,5,20
65822,2,1,0,0,1,1,0,0,0,2,0,1,0,0
65824,0,1,0,0,0,1,0,0,0,0,2,1,0,0
65825,0,0,3,0,0,2,1,0,0,1,1,1,0,1
65826,0,0,1,1,1,2,0,0,2,2,0,2,1,1
65827,0,0,0,0,0,0,0,0,0,0,0,1,0,0
65828,5,0,1,0,3,3,0,1,0,1,14,3,1,1
65829,0,1,0,0,0,0,0,0,0,1,0,0,0,0
65838,0,0,1,0,0,0,0,0,0,0,0,0,1,6
65840,0,0,0,0,0,1,3,0,0,0,0,1,1,0
65846,3,0,0,0,0,0,1,0,0,0,1,2,0,0
65853,0,2,1,0,2,2,0,1,2,1,0,6,10,3
66071,3,0,5,0,0,0,0,2,38,4,7,12,4,0
66072,3,1,10,0,6,1,1,2,35,4,16,3,0,1
66143,1,1,0,0,0,14,3,1,1,6,7,6,1,0
66152,5,0,0,1,0,3,0,1,4,2,5,2,9,1
66169,0,0,0,0,0,1,0,0,0,0,0,0,0,0
66171,1,0,0,0,0,0,0,0,0,0,0,0,0,0
66174,0,0,0,0,1,1,0,0,1,0,5,0,1,0
66178,11,0,1,1,6,12,2,3,6,6,29,7,5,9
66179,0,0,0,0,0,0,0,0,0,0,0,2,0,0
66181,0,0,0,0,0,0,0,1,0,0,0,1,1,1
66185,2,0,0,0,0,0,0,1,0,0,0,0,0,0
66188,0,0,0,0,0,1,8,1,0,1,0,1,0,0
66190,3,3,1,1,2,0,2,0,1,4,3,2,1,1
66192,3,1,8,0,0,2,0,4,0,1,0,0,1,6
66194,14,5,1,12,0,9,2,9,0,6,0,1,1,0
66195,2,1,0,0,0,0,7,6,0,0,2,1,0,3
66197,27,9,18,4,70,23,15,19,45,26,246,57,45,19
66199,4,4,0,0,0,9,4,6,0,1,0,3,0,0
66201,0,0,1,0,0,0,0,0,0,0,0,0,0,0
66202,9,5,3,1,1,3,20,4,0,0,1,13,0,8
66203,11,1,5,0,9,3,1,3,15,5,26,2,7,3
66204,0,7,1,0,2,4,1,0,1,0,5,0,1,0
66205,0,0,0,1,0,1,2,0,0,0,0,1,0,0
66206,0,0,0,0,0,0,0,0,0,0,0,1,0,0
66207,0,0,0,24,0,1,2,1,0,1,1,0,1,0
66210,1,1,1,0,0,1,0,0,0,2,5,1,0,0
66213,1,0,0,0,0,1,0,0,0,1,0,1,0,0
66215,0,0,11,0,0,0,0,0,0,0,0,0,0,0
66216,0,0,1,1,0,2,0,0,0,0,0,1,0,1
66217,1,0,0,0,0,1,0,0,2,2,6,0,0,5
66220,3,0,0,0,1,1,0,3,0,0,5,4,2,0
66221,4,0,0,0,0,0,0,0,0,0,0,0,0,0
66223,2,1,1,2,0,1,1,1,0,0,0,3,1,0
66225,2,1,1,0,0,5,1,3,0,7,0,4,0,8
66227,1,0,0,0,0,1,1,0,0,0,1,0,0,0
66228,0,0,2,0,0,5,0,0,0,7,0,6,0,3
66230,0,0,0,0,0,0,0,0,0,0,0,1,0,0
66454,0,0,0,0,0,1,0,0,0,0,2,1,0,0
66513,0,0,0,0,0,0,0,1,0,0,0,0,0,0
66519,0,0,0,0,0,1,0,0,0,3,1,0,0,0
66523,0,0,3,0,0,2,0,1,8,1,3,4,9,0
66525,1,0,0,0,0,0,0,0,1,2,1,0,0,1
66548,0,0,0,0,0,0,0,1,0,0,0,0,0,0
66549,0,0,0,0,0,0,1,0,0,0,0,0,0,0
66550,3,0,2,0,0,1,0,2,0,0,0,3,0,1
66554,0,0,0,0,0,1,0,1,0,0,0,0,0,0
66558,4,0,0,11,0,14,1,3,0,1,0,1,0,9
66559,4,3,2,0,1,2,13,2,1,2,1,2,1,3
66560,16,17,1,2,2,16,16,10,1,2,0,50,4,2
66562,2,1,0,2,0,2,1,2,1,1,0,1,0,0
66563,0,0,0,1,0,0,0,0,0,0,0,1,0,0
66564,0,0,0,0,1,1,1,0,0,0,0,1,0,0
66565,0,0,0,0,0,0,0,0,0,0,0,1,0,0
66566,1,0,0,0,0,0,0,0,0,0,1,0,0,1
66567,0,0,0,2,0,0,0,0,0,0,0,1,0,0
66568,3,5,0,1,0,1,32,1,0,2,1,1,0,0
66569,2,0,0,0,0,1,4,1,0,0,1,0,0,1
66570,3,3,0,1,0,7,10,0,0,3,0,1,0,1
66571,2,0,2,0,0,0,13,0,0,0,0,0,0,0
66572,0,1,5,0,1,0,0,2,0,0,0,1,0,1
66573,4,2,0,0,0,1,0,0,0,1,0,0,0,0
66574,3,3,1,1,1,2,1,8,0,1,0,0,0,0
66575,8,3,3,6,2,9,2,3,0,2,1,6,2,7
66576,4,4,0,0,1,1,15,2,0,3,0,0,0,0
66577,1,4,0,0,0,2,4,1,0,2,2,4,0,0
66578,4,2,0,0,0,7,1,0,0,4,1,43,0,0
66582,1,1,2,0,0,2,3,2,0,1,0,2,2,0
66583,12,9,2,0,1,12,2,3,0,5,2,12,3,23
66584,3,4,1,3,1,5,5,2,0,4,6,1,1,1
66585,0,0,0,0,0,1,1,1,0,0,0,1,0,2
66586,1,0,2,0,15,2,10,0,0,0,0,2,0,0
66587,0,0,0,0,0,0,0,1,0,0,0,0,0,0
66589,0,0,0,0,0,0,0,0,0,0,2,0,0,0
66590,2,0,0,0,0,0,0,4,0,0,3,0,1,0
66592,1,0,0,0,0,0,0,0,0,0,0,0,0,0
66595,0,0,0,0,3,0,0,1,0,0,0,0,0,0
66597,0,0,0,0,1,1,2,0,0,0,1,2,1,0
66602,6,2,4,0,0,1,0,0,0,0,0,0,0,15
66603,1,0,1,1,1,3,0,1,0,1,0,2,1,0
66604,0,0,0,0,0,3,0,0,0,0,0,0,0,2
66605,2,0,1,0,0,1,0,3,1,0,0,4,3,0
66606,1,0,0,0,0,0,0,0,0,0,0,0,0,0
66612,1,0,0,0,0,0,0,0,0,0,0,2,1,0
66835,0,0,1,0,0,0,1,0,1,0,0,0,0,0
66854,0,0,0,0,0,0,0,0,0,0,0,0,0,0
66900,1,0,2,0,3,0,3,0,17,2,12,1,10,1
66903,3,0,0,0,0,0,0,0,0,0,1,0,0,0
66907,0,0,0,0,0,0,2,0,0,0,0,0,0,0
66917,0,0,0,0,0,0,0,0,0,0,0,0,1,0
66918,2,0,6,0,1,0,0,0,9,0,10,2,3,0
66919,0,0,0,0,0,0,0,0,0,0,0,0,1,1
66928,2,0,0,0,0,0,0,0,0,1,0,3,0,0
66930,0,0,0,0,0,0,0,0,0,0,0,0,0,1
66931,4,1,4,0,0,1,3,4,0,3,0,2,1,1
66935,0,0,1,0,0,1,0,0,0,0,0,1,1,8
66936,0,0,0,0,0,0,0,0,0,0,0,0,2,5
66937,1,1,0,1,1,3,0,1,0,0,1,3,0,0
66938,11,0,5,3,7,13,1,12,1,5,16,8,3,7
66940,0,1,0,0,0,0,0,0,0,1,0,1,0,0
66943,0,0,0,0,0,0,0,0,0,0,0,0,0,3
66945,3,4,2,1,1,0,2,1,1,0,4,1,1,1
66950,4,2,1,3,1,5,1,2,0,1,0,1,0,1
66952,0,0,0,0,0,0,0,0,0,0,0,0,0,1
66953,2,0,4,0,10,0,0,3,0,0,0,0,2,3
66954,0,0,0,0,0,0,0,1,0,0,1,1,0,0
66955,1,0,0,0,0,0,0,1,0,0,0,0,0,1
66956,37,17,5,19,3,92,51,28,0,45,2,90,1,0
66957,0,1,0,1,3,0,0,1,0,0,0,4,0,0
66958,2,1,0,1,3,2,0,0,0,0,2,5,1,0
66961,4,0,0,1,0,0,1,5,0,1,1,0,0,0
66962,1,0,0,0,0,2,0,0,0,0,0,1,0,0
66963,3,3,2,0,2,1,1,3,0,1,2,2,3,9
66967,0,0,0,0,0,0,4,0,0,0,0,2,0,0
66968,1,0,0,0,8,0,0,1,0,1,10,1,0,1
66969,1,1,0,0,1,0,0,1,0,0,0,0,0,0
66970,0,0,0,0,0,0,1,0,0,0,0,0,0,0
66972,1,1,0,0,2,2,0,1,0,0,0,1,1,0
66977,0,0,0,0,0,0,0,0,0,0,0,1,0,0
66981,0,0,1,0,0,1,0,0,0,1,1,1,0,0
66984,2,1,0,0,0,0,6,1,0,1,0,3,0,0
66985,7,4,1,2,0,1,7,3,0,0,0,2,0,3
66987,0,0,0,0,0,0,0,0,0,0,1,0,0,0
66990,0,0,0,0,0,1,0,0,0,0,0,0,0,0
67043,0,0,0,0,1,0,0,0,0,0,0,0,0,0
67215,0,0,0,0,1,0,0,0,0,0,0,1,1,0
67236,2,1,0,0,0,0,2,3,0,2,3,1,0,0
67263,0,0,0,0,0,0,0,0,5,0,0,0,0,0
67265,0,0,0,1,0,0,0,0,0,0,0,0,0,2
67284,0,0,0,0,0,0,0,0,0,1,0,0,0,0
67286,0,1,1,2,0,2,2,0,1,3,0,3,1,0
67297,0,0,0,0,0,0,0,0,0,0,0,0,1,0
67299,1,0,0,0,0,1,1,1,0,1,0,0,0,0
67301,2,0,2,0,1,2,0,1,0,0,1,1,1,13
67304,0,0,1,0,0,0,0,1,0,0,0,0,0,0
67305,0,0,0,1,3,0,0,0,0,1,0,0,0,0
67307,0,0,0,0,0,0,0,0,0,0,0,0,0,1
67308,4,3,1,1,1,0,0,3,1,2,2,0,0,0
67310,1,0,0,0,0,0,0,0,1,0,4,0,0,0
67311,13,1,1,2,1,6,1,2,1,5,2,5,2,2
67312,1,0,1,0,1,2,0,1,1,1,0,3,1,0
67316,0,0,0,0,0,1,0,0,0,3,0,2,1,0
67317,0,0,0,1,0,0,0,1,0,0,0,0,0,0
67320,5,0,1,0,2,0,0,1,0,1,0,2,0,0
67321,0,0,1,0,0,0,0,0,2,0,6,1,0,1
67322,0,1,0,0,0,0,0,0,0,0,1,0,0,0
67328,1,0,0,0,0,1,0,0,0,1,0,2,0,0
67329,0,0,0,0,0,0,0,0,0,0,0,0,0,0
67330,1,0,0,0,0,0,0,1,0,0,0,1,0,0
67331,0,0,2,0,1,0,0,1,1,0,0,1,0,0
67332,0,0,0,0,0,0,0,0,0,1,0,0,0,0
67334,7,3,4,6,1,15,0,3,0,8,4,6,0,5
67335,0,0,1,0,1,0,0,0,0,0,1,0,1,1
67336,73,35,7,89,6,32,53,37,1,48,12,53,16,11
67337,19,0,0,0,3,6,0,1,0,5,2,3,0,0
67338,2,0,0,0,1,0,9,4,0,1,2,0,2,0
67340,0,0,0,0,3,0,0,2,0,0,6,0,1,0
67341,14,23,8,1,4,13,36,24,1,8,7,17,9,5
67342,45,27,9,5,3,87,63,55,2,23,8,59,12,17
67343,4,2,2,1,1,3,5,2,0,3,1,4,4,6
67345,1,0,0,0,2,0,0,0,1,1,1,1,3,3
67347,0,0,0,1,0,0,0,0,0,0,0,1,1,0
67351,1,0,1,19,0,2,1,4,0,3,2,7,0,0
67352,6,8,0,1,1,8,22,1,0,1,2,6,3,10
67353,0,1,0,0,4,0,0,0,1,0,2,1,1,3
67354,0,0,0,0,1,0,0,0,1,0,1,0,1,0
67357,0,0,1,0,0,0,0,1,1,0,4,0,0,4
67361,0,0,0,0,0,0,0,0,1,0,0,0,0,0
67367,0,0,0,0,0,0,0,0,0,1,0,0,0,0
67368,1,0,0,0,0,1,0,1,0,1,0,0,0,0
67381,0,0,0,0,1,0,0,0,0,0,0,0,1,0
67431,0,1,0,0,0,0,0,0,0,0,0,0,0,0
67464,0,0,0,0,0,0,0,0,0,2,2,2,0,1
67643,1,0,0,0,0,0,0,0,0,0,0,0,0,0
67677,0,0,0,0,0,0,0,0,3,0,1,0,0,0
67680,9,2,0,0,0,3,2,9,0,0,2,0,0,0
67681,1,1,0,0,0,0,0,0,0,0,0,0,0,0
67682,0,0,0,0,0,0,0,0,0,0,0,0,1,0
67683,0,0,0,0,0,0,1,0,0,0,0,0,0,3
67684,0,0,0,0,7,1,0,0,0,0,1,0,0,2
67685,4,0,2,1,0,0,0,4,0,0,0,1,0,2
67686,9,0,3,0,0,1,0,7,2,1,3,2,0,2
67688,0,0,0,0,0,0,0,0,0,0,0,2,0,0
67689,1,0,0,0,0,0,0,0,0,0,0,0,0,0
67691,0,0,0,0,0,1,2,0,0,0,0,1,1,0
67694,1,0,0,0,0,2,0,2,0,0,2,0,1,1
67695,0,0,2,2,0,0,0,0,0,2,0,4,0,15
67696,0,0,0,0,0,0,0,0,0,0,0,1,0,0
67697,8,1,1,0,0,1,1,0,0,1,0,10,0,0
67700,0,0,0,0,0,1,0,0,0,0,0,0,0,0
67709,1,0,1,0,2,0,0,3,0,1,0,2,4,2
67710,0,0,0,0,1,0,1,1,0,0,0,0,1,2
67711,1,0,2,0,1,1,0,0,2,0,0,0,0,7
67714,32,6,3,6,2,16,5,22,8,24,1,11,0,28
67715,11,6,4,1,6,15,11,8,1,5,11,11,9,1
67716,23,24,2,1,12,16,18,14,0,13,4,17,4,3
67717,4,0,0,2,1,7,6,2,0,2,0,5,1,2
67718,1,1,1,0,2,0,1,0,0,0,2,0,0,0
67719,8,1,1,3,1,2,0,2,1,1,1,4,0,0
67721,2,5,1,1,0,5,8,1,0,7,0,4,1,5
67722,9,5,0,14,1,8,17,3,0,5,4,19,1,8
67723,0,0,0,0,0,1,0,0,0,0,0,0,0,0
67725,0,0,0,0,0,0,0,0,0,0,0,0,0,1
67731,0,0,0,0,0,0,0,0,0,0,0,1,0,0
67732,12,5,13,5,2,4,4,11,0,12,0,5,36,4
67733,4,0,1,0,2,4,0,0,2,2,4,4,6,6
67734,2,0,1,2,0,1,0,5,0,0,0,2,1,9
67736,1,0,0,0,0,0,0,0,1,0,0,0,0,0
67737,0,0,0,0,0,0,1,0,0,0,0,0,0,0
67741,0,0,0,0,1,0,0,0,0,0,0,0,0,1
67745,0,1,0,0,0,0,5,0,1,0,1,0,0,0
67746,0,0,0,0,0,0,1,0,0,1,0,0,0,0
67747,0,0,1,0,0,1,0,1,0,0,0,2,0,2
67750,1,3,1,0,2,1,0,0,0,1,0,6,0,0
67751,0,0,0,0,0,0,0,1,0,1,0,0,0,0
67752,1,0,0,0,0,1,0,0,0,2,0,0,1,4
67765,3,0,0,0,0,0,3,5,0,0,1,2,0,3
67767,0,0,0,0,1,0,0,0,0,0,0,0,0,0
67809,1,0,0,0,0,0,0,0,0,0,0,0,1,0
67940,0,0,0,0,3,0,0,0,22,0,0,1,0,0
67974,2,1,1,0,6,3,0,1,17,0,2,2,2,0
68019,0,0,1,0,0,0,1,0,5,0,0,0,2,0
68020,0,0,1,0,1,0,0,1,3,0,1,0,3,0
68057,5,3,3,0,1,0,1,4,6,4,0,3,1,19
68059,3,0,2,0,1,2,0,2,1,2,1,4,4,0
68062,1,0,2,0,0,0,0,0,0,0,0,0,0,0
68063,2,0,0,0,0,10,0,0,0,1,0,2,0,0
68065,0,0,1,0,0,0,0,0,0,0,0,0,1,0
68066,0,0,1,0,0,0,0,0,0,0,0,0,0,1
68069,0,0,0,0,2,0,0,0,0,0,1,0,0,0
68070,0,0,0,2,0,1,3,0,2,2,0,3,1,0
68073,0,0,0,0,0,0,0,0,0,0,2,0,0,1
68074,0,0,0,0,0,0,1,0,0,0,0,0,0,0
68075,1,0,0,0,0,1,0,0,0,0,1,2,0,3
68076,6,0,0,0,3,10,3,1,0,3,2,15,0,0
68083,0,0,0,0,0,0,0,0,1,0,1,1,0,0
68084,0,0,0,0,0,1,0,0,0,0,0,2,0,0
68085,0,0,0,0,0,0,0,0,4,0,2,1,0,0
68088,0,0,4,0,0,0,0,2,1,0,0,0,1,0
68089,10,2,1,15,0,3,0,1,0,6,0,1,1,0
68090,1,0,1,2,0,0,0,0,0,1,0,0,0,1
68092,2,0,0,0,1,0,0,3,0,2,0,3,0,1
68093,39,3,11,11,3,33,6,33,0,15,5,42,3,25
68094,3,1,1,1,10,3,0,3,80,5,5,3,6,4
68095,11,4,1,2,0,5,2,5,0,4,0,26,3,14
68096,18,25,1,5,4,28,46,28,0,17,9,28,7,1
68097,9,11,1,1,2,5,19,7,0,8,0,22,2,0
68098,4,2,0,0,0,3,13,1,0,2,2,6,4,3
68099,1,6,0,0,0,0,3,1,0,1,1,2,1,1
68100,0,0,0,0,0,0,0,0,0,0,0,0,0,0
68101,5,5,3,0,0,6,15,4,0,5,2,8,1,2
68103,5,4,0,3,1,1,34,3,1,2,3,4,0,0
68104,0,0,1,0,0,0,17,2,0,0,0,0,1,0
68107,0,0,0,0,1,0,0,0,0,0,0,1,0,0
68109,0,0,0,0,0,0,0,0,0,0,0,0,0,0
68110,2,0,0,1,0,4,0,0,0,0,0,1,0,13
68111,0,1,0,0,0,1,0,0,0,0,0,1,0,0
68112,1,0,0,0,0,0,0,0,0,0,0,0,0,0
68113,0,0,0,0,0,0,0,0,0,0,0,1,0,0
68114,1,0,1,0,1,0,0,0,1,0,2,1,1,0
68115,0,0,0,0,0,0,0,0,0,0,0,1,0,0
68119,1,1,1,0,0,0,0,0,0,0,1,0,0,0
68120,0,0,0,0,0,0,3,0,0,0,1,0,0,1
68124,0,0,0,0,0,0,0,0,0,0,0,0,0,0
68125,0,0,0,0,0,0,0,0,0,0,1,0,0,0
68126,2,0,0,1,0,1,0,0,0,0,0,0,0,0
68127,0,0,0,0,0,0,0,1,0,0,0,0,0,0
68128,0,0,11,0,0,0,0,0,0,0,0,0,0,0
68129,0,0,1,0,0,0,0,0,0,0,1,0,0,5
68130,0,0,0,0,0,0,0,0,0,0,0,0,0,1
68429,2,0,1,0,0,7,5,2,14,5,3,5,0,0
68431,7,0,4,0,6,0,1,4,15,1,3,2,8,1
68438,1,0,0,0,0,0,0,0,0,0,0,1,0,0
68441,1,0,0,0,0,0,0,0,0,0,0,0,0,0
68442,0,0,0,0,0,1,0,0,0,1,0,0,0,0
68444,1,4,0,0,0,1,6,1,0,0,0,6,0,0
68445,5,2,4,3,0,17,8,4,0,8,1,17,1,4
68450,0,0,1,0,0,0,0,1,0,0,0,0,0,0
68458,2,0,0,0,0,4,0,0,0,0,1,1,0,2
68460,1,0,2,0,0,1,1,1,0,1,4,2,1,0
68464,0,0,0,0,0,0,0,0,0,0,0,1,0,0
68465,9,9,5,0,3,3,9,6,0,1,6,7,2,2
68466,2,0,0,0,0,0,0,0,0,1,0,0,0,0
68468,3,1,0,0,0,1,0,2,0,1,0,1,1,2
68469,2,3,7,2,0,4,3,6,0,1,1,1,2,6
68470,0,0,0,0,0,1,0,0,0,0,0,0,0,0
68471,7,1,0,1,3,2,10,7,0,3,2,1,2,0
68472,49,11,7,5,17,16,7,38,1,13,5,10,7,22
68473,12,0,4,2,5,0,2,7,0,4,9,1,4,4
68474,65,23,5,53,3,29,33,44,3,44,5,65,16,28
68475,130,44,26,12,128,74,57,84,8,55,159,96,100,22
68476,5,6,1,1,0,5,32,3,0,12,7,4,1,2
68477,0,9,0,0,0,2,1,1,0,0,1,1,0,4
68478,24,10,16,1,69,50,22,18,15,18,232,44,60,18
68479,75,26,6,23,9,68,7,78,28,45,634,70,60,17
68480,0,0,0,0,0,0,0,0,0,0,0,1,0,0
68481,43,10,5,3,27,16,8,24,3,13,65,21,18,15
68482,1,0,1,0,1,0,5,1,0,1,0,0,0,0
68483,2,1,0,0,1,8,2,2,0,5,0,9,2,0
68484,0,0,0,0,0,0,0,0,0,0,0,1,0,0
68486,8,8,1,1,1,3,5,2,1,0,2,4,1,1
68493,0,0,0,0,0,1,3,0,0,0,0,0,0,1
68495,1,0,2,0,0,1,0,0,0,0,1,0,0,0
68497,1,0,0,0,0,1,0,0,0,0,1,1,0,2
68498,1,0,0,0,0,0,0,0,0,0,0,0,0,0
68502,0,0,0,0,0,4,0,0,0,1,0,11,1,0
68504,0,0,0,0,0,0,0,0,0,1,0,0,0,0
68505,1,0,0,0,0,0,0,1,0,1,0,0,2,4
68509,3,0,0,0,2,0,0,1,0,0,0,0,0,0
68510,0,0,0,0,0,2,0,0,0,0,0,1,0,1
68758,0,0,0,0,0,0,0,1,1,0,1,0,0,0
68759,0,0,0,0,1,0,0,0,1,0,0,0,0,0
68807,1,0,3,0,0,0,0,0,14,0,2,1,2,0
68813,1,0,1,0,0,1,0,0,5,0,3,1,0,3
68815,0,0,1,0,0,1,0,0,1,0,0,0,1,3
68816,1,0,2,0,0,0,0,0,0,0,0,2,1,2
68817,3,0,0,4,0,0,3,2,0,1,0,0,0,0
68818,0,0,0,0,0,0,1,0,0,0,0,0,0,1
68821,1,0,0,0,0,0,0,0,0,0,0,0,0,0
68822,0,3,0,0,0,0,9,0,0,0,1,0,0,0
68825,0,0,0,0,1,0,0,0,0,0,0,0,0,0
68827,0,0,0,1,0,0,0,0,0,0,0,0,0,0
68828,0,0,0,0,0,0,0,0,1,0,0,0,0,0
68834,0,0,0,0,0,0,0,0,0,0,0,0,0,0
68835,0,0,1,0,0,0,0,0,0,1,0,0,1,0
68842,0,0,0,0,0,0,0,0,0,0,0,0,1,0
68844,0,1,0,0,1,0,0,0,1,0,2,0,2,1
68845,0,0,1,0,0,0,1,2,0,0,0,1,1,0
68846,0,4,0,0,0,0,1,0,0,0,0,2,0,0
68847,3,0,5,0,0,1,3,0,0,2,0,1,0,17
68848,2,1,1,0,2,2,13,2,0,1,4,1,6,0
68849,9,5,0,0,0,1,6,5,0,4,4,3,1,1
68850,11,3,2,3,0,6,5,6,0,2,0,16,1,12
68851,241,21,27,136,14,121,24,226,4,111,26,68,156,19
68852,51,26,3,5,5,9,67,21,1,21,5,24,25,3
68853,27,2,0,19,0,1,9,7,0,5,3,9,1,2
68854,11,14,1,0,4,11,15,13,0,4,8,6,3,1
68855,2,2,1,7,0,3,4,5,3,5,0,6,1,0
68857,0,2,0,0,0,0,7,0,0,0,2,1,0,0
68858,1,3,0,0,0,1,10,0,0,1,0,7,1,0
68859,1,0,0,0,0,1,0,3,0,0,0,0,0,0
68860,0,0,1,0,0,0,2,0,0,0,0,0,0,0
68863,0,0,0,0,0,0,2,0,0,0,0,0,0,0
68865,5,2,1,0,3,4,2,3,0,1,10,0,2,0
68868,0,0,0,0,0,0,0,0,0,0,1,1,0,0
68869,1,0,1,0,0,0,0,0,0,0,0,0,0,0
68870,5,0,0,1,0,1,0,1,0,1,0,4,0,1
68871,0,0,0,0,0,0,0,0,0,0,1,0,0,1
68873,0,0,0,0,0,0,0,0,0,0,1,0,0,0
68875,0,0,0,0,0,1,0,0,0,0,0,0,0,0
68877,2,0,0,0,0,2,0,2,0,1,0,0,0,0
68880,0,0,0,0,0,0,0,1,0,2,0,1,0,0
68882,0,0,0,0,0,0,0,1,0,1,0,6,0,0
68888,0,0,1,0,0,0,0,0,0,0,0,0,0,0
68890,2,0,1,2,0,2,0,1,0,0,0,5,1,25
68965,1,0,1,0,0,0,0,0,1,0,1,0,0,0
69134,0,0,0,0,0,0,0,0,7,0,0,0,1,0
69135,2,11,4,0,1,1,12,3,10,0,2,10,5,2
69136,6,8,3,0,4,3,7,7,22,3,6,5,2,1
69137,1,0,0,0,0,0,0,0,0,0,0,0,0,0
69138,0,1,1,0,0,0,2,0,2,0,0,3,0,0
69139,0,0,0,0,0,0,1,1,1,0,1,0,0,0
69171,0,0,1,0,1,1,0,1,17,1,1,1,0,4
69190,0,0,0,0,0,2,1,1,0,0,0,0,0,0
69192,0,0,0,1,1,1,0,0,3,0,0,0,3,0
69195,0,0,1,0,0,0,0,0,1,0,1,0,0,0
69196,1,0,0,0,0,2,1,0,0,0,0,0,0,0
69198,0,0,0,0,0,1,0,0,0,0,0,0,0,0
69200,0,0,0,0,0,0,0,1,0,0,0,0,0,0
69201,0,1,0,0,0,0,3,0,0,0,0,1,0,0
69202,2,0,0,0,0,2,0,0,0,1,0,0,0,0
69203,0,0,1,0,0,0,1,0,0,0,0,0,0,0
69204,1,0,0,0,0,0,1,0,0,0,0,1,0,0
69205,1,0,2,0,0,2,0,0,0,2,0,0,0,0
69206,3,0,0,0,0,0,0,0,0,0,0,0,1,0
69207,0,1,11,0,0,0,0,0,0,0,0,0,1,0
69209,1,1,0,0,0,2,0,4,0,2,0,0,0,0
69211,2,0,0,0,0,4,0,7,0,1,1,4,0,0
69212,13,4,3,7,2,6,5,12,1,9,4,8,21,4
69214,3,0,0,0,0,2,0,0,0,0,0,1,0,3
69215,1,0,0,0,0,0,0,0,0,1,0,1,1,1
69217,8,4,5,3,5,15,6,13,2,8,10,11,5,2
69218,8,1,1,1,0,5,2,1,0,3,0,0,0,0
69219,1,0,0,0,0,0,1,2,1,0,0,0,0,0
69220,1,0,0,0,1,0,1,0,0,0,0,2,1,1
69221,4,0,2,11,0,7,3,2,0,8,2,7,5,2
69222,2,0,0,0,0,2,1,1,0,0,0,1,0,1
69223,15,3,4,3,2,4,0,11,1,4,21,10,20,3
69224,19,1,11,32,1,10,1,24,3,14,5,25,22,15
69225,111,16,22,22,4,43,13,87,4,34,4,80,77,31
69226,46,7,21,9,7,33,23,42,5,24,21,35,105,53
69227,31,14,5,2,7,15,32,26,39,26,39,26,125,5
69228,148,21,19,1090,1,63,17,143,3,113,6,131,51,18
69229,65,31,10,7,5,69,110,27,2,23,8,38,3,4
69230,24,4,4,7,0,25,12,18,1,12,8,19,5,1
69231,38,18,2,11,2,8,19,35,0,18,4,13,2,3
69232,15,3,1,5,2,39,2,5,0,10,1,9,12,6
69233,42,19,2,249,3,7,82,80,2,49,8,29,10,2
69234,1,0,0,0,0,2,1,3,0,4,1,2,0,0
69235,8,1,3,3,4,18,3,4,0,12,7,13,2,1
69236,22,26,6,3,4,19,17,14,0,24,2,19,1,5
69237,1,1,0,0,0,1,1,2,0,0,0,1,0,3
69238,2,1,2,1,0,1,8,4,1,0,4,3,1,1
69239,2,1,0,1,0,0,0,2,0,0,1,0,1,4
69240,6,10,1,0,0,56,2,1,0,2,0,12,0,7
69241,5,4,0,0,0,0,4,4,0,0,2,1,1,1
69242,0,0,0,0,0,0,3,0,0,0,0,0,0,0
69243,0,0,0,0,0,0,0,1,0,0,0,1,0,0
69244,0,0,1,0,0,0,2,0,0,0,0,0,0,0
69245,3,0,0,2,0,17,0,0,0,0,0,1,0,0
69246,0,0,0,3,0,0,1,1,0,0,0,0,1,0
69247,1,1,0,0,1,0,2,2,0,0,0,1,0,0
69248,2,1,0,1,0,0,2,3,0,2,1,0,1,0
69249,1,0,0,0,0,0,1,1,0,0,0,0,0,0
69250,0,0,0,0,0,0,2,1,0,1,1,1,1,0
69251,8,4,3,1,1,11,2,4,0,2,14,21,17,1
69252,11,0,1,1,1,8,1,5,0,3,0,29,4,1
69254,0,0,0,0,0,1,1,0,0,0,0,1,0,0
69256,0,0,0,0,0,0,0,0,0,0,0,1,0,0
69257,0,0,0,0,0,0,2,0,0,0,1,0,0,0
69258,0,0,0,0,0,0,0,0,0,1,0,0,0,0
69264,0,0,0,0,0,0,0,0,0,0,0,1,0,0
69301,0,0,1,0,2,0,0,1,1,1,3,4,0,0
69321,0,0,0,0,0,0,0,1,0,1,0,0,0,0
69339,0,0,0,0,0,0,0,0,0,0,0,0,1,0
69340,0,0,0,0,0,0,0,1,0,0,0,0,0,0
69414,0,0,34,0,1,0,0,0,2,1,0,3,0,1
69507,4,1,1,0,7,2,0,0,31,1,8,1,3,3
69508,0,0,0,0,0,0,0,0,0,2,0,0,0,2
69511,0,1,1,0,1,0,0,1,2,0,1,2,0,1
69557,0,0,0,0,1,0,0,0,1,0,0,0,0,0
69559,0,0,0,0,0,0,0,0,1,0,0,0,1,0
69560,0,0,0,0,0,0,0,0,1,0,0,0,0,0
69562,4,0,2,0,0,3,1,0,0,0,0,1,0,3
69563,0,0,0,0,0,0,0,1,0,0,0,0,0,0
69571,0,0,0,0,0,1,0,0,0,0,0,0,0,0
69572,0,0,0,0,0,0,0,0,0,0,0,0,0,0
69573,0,0,0,0,0,0,1,0,0,0,0,3,0,0
69574,0,6,0,0,0,0,0,1,0,1,0,1,0,4
69582,1,0,0,1,0,0,0,0,0,0,0,0,0,1
69583,0,0,2,1,4,1,0,1,1,1,2,1,1,0
69584,4,0,0,0,1,12,0,0,0,1,0,3,0,0
69585,0,0,0,0,0,0,0,0,0,0,0,2,0,0
69586,23,1,2,0,1,13,0,13,0,12,1,3,3,0
69589,0,0,0,0,0,0,0,0,0,0,0,0,1,0
69590,5,0,0,0,20,5,1,3,33,8,36,14,43,6
69592,0,0,0,0,0,0,0,0,1,1,0,0,1,0
69594,14,24,2,1,0,9,3,6,2,6,0,8,7,62
69595,45,6,40,18,13,26,5,19,1,34,9,66,43,421
69596,1,0,1,0,0,0,0,0,0,1,0,0,0,3
69597,94,15,12,16,4,39,9,37,2,25,27,52,62,24
69598,85,37,18,100,6,66,73,99,1,72,21,90,80,14
69599,41,64,8,20,3,39,95,45,4,26,8,108,45,12
69600,42,48,1,94,4,39,78,93,1,40,10,57,73,6
69601,17,24,7,3,9,20,64,19,0,24,12,27,22,8
69602,9,12,0,1,0,9,49,7,0,3,2,7,0,1
69603,8,1,0,0,0,7,29,4,0,5,4,17,0,0
69604,16,5,3,1,4,8,11,6,2,4,4,11,5,2
69605,2,1,0,0,0,3,1,0,0,1,0,0,1,0
69606,5,5,5,1,27,14,7,7,13,13,93,16,32,12
69607,19,9,15,3,74,15,8,10,33,17,206,29,75,11
69608,80,12,8,12,40,24,4,43,3,41,33,54,41,20
69610,0,0,0,0,0,0,0,0,0,1,0,3,0,0
69611,21,19,14,2,36,15,10,28,1,23,61,30,11,4
69614,18,4,0,2,0,4,41,3,0,16,15,14,8,7
69615,0,0,0,1,0,0,0,2,0,0,0,0,0,1
69616,0,0,0,0,1,1,0,0,0,0,0,1,1,0
69619,0,0,0,0,0,0,1,0,0,0,0,0,0,0
69621,2,1,2,0,2,5,0,4,0,4,5,9,3,0
69624,0,0,0,0,0,0,0,1,0,0,0,0,0,0
69626,1,0,0,0,1,1,0,0,0,1,0,1,0,1
69647,1,0,0,0,0,0,0,0,0,0,0,0,0,0
69695,0,0,1,0,0,0,0,0,0,0,0,0,0,0
69714,0,0,0,0,0,0,0,0,0,0,0,0,0,1
69859,1,0,0,0,0,0,0,0,0,0,0,0,0,0
69875,0,0,0,0,0,0,0,1,1,0,1,1,0,0
69893,0,0,1,0,0,0,0,0,0,0,0,0,0,0
69905,0,0,1,0,0,0,0,0,0,0,0,0,0,0
69906,0,0,3,0,0,0,0,0,14,1,2,1,1,0
69933,1,0,0,0,1,3,0,0,0,1,0,1,1,2
69934,8,0,1,0,1,3,0,5,7,3,7,3,6,3
69935,0,0,0,0,0,0,0,0,0,0,0,0,0,0
69936,1,0,0,0,0,0,0,2,0,0,0,1,0,0
69944,0,0,1,0,0,0,0,1,5,0,1,0,0,0
69945,4,1,1,0,1,2,14,1,0,1,5,3,0,0
69958,0,0,1,0,0,0,0,0,0,0,0,1,0,0
69960,1,0,0,0,0,0,0,0,0,0,1,1,3,0
69962,0,0,0,0,0,0,0,0,0,0,1,0,0,0
69963,0,3,0,0,1,0,6,4,0,1,2,1,3,0
69964,13,5,3,1,20,9,2,9,31,9,47,11,58,2
69968,4,2,1,1,7,5,2,4,0,1,11,6,5,1
69969,3,1,3,0,1,9,1,1,0,1,1,7,3,10
69970,38,38,20,21,18,34,13,33,5,51,12,72,47,29
69971,144,14,32,447,5,81,14,104,4,83,6,164,54,493
69972,97,73,11,43,6,50,166,92,2,53,15,98,66,8
69973,94,25,20,42,21,124,60,56,0,53,17,124,154,17
69974,18,21,3,6,1,6,5,6,0,11,5,7,6,1
69975,17,1,0,22,0,11,6,15,0,12,2,7,3,2
69976,2,0,0,7,1,1,12,3,0,2,2,1,0,4
69977,11,0,3,6,1,4,2,5,0,2,0,3,0,1
69979,2,0,0,1,0,0,0,3,0,1,0,0,0,0
69980,0,0,0,0,0,0,0,1,0,0,1,0,0,0
69981,4,0,0,0,9,0,1,0,1,1,7,1,1,0
69982,0,0,0,0,0,1,0,0,0,0,0,0,0,0
69983,0,0,2,0,2,1,0,1,0,2,1,0,3,0
69985,0,1,0,0,0,0,0,0,0,0,0,0,0,0
69986,7,1,1,0,0,6,2,6,0,2,2,5,0,6
69988,2,0,0,0,3,0,2,0,0,0,0,0,0,0
69990,0,0,0,1,0,0,0,0,0,0,0,1,0,0
69991,0,0,0,0,0,2,0,0,0,0,0,2,1,5
69992,1,0,0,0,0,0,0,0,0,1,0,1,1,0
69993,4,0,0,0,0,0,0,0,0,0,0,0,0,0
69999,0,0,0,0,0,2,0,0,0,0,0,0,1,2
70000,2,11,0,1,1,1,0,1,0,1,1,3,0,0
70009,0,0,0,0,0,0,0,0,0,0,0,0,0,1
70014,0,0,0,0,0,0,0,0,0,0,1,0,0,0
70251,0,0,0,0,0,0,0,0,0,0,1,0,0,0
70290,0,0,2,0,0,0,0,0,3,0,0,0,0,0
70305,0,0,1,0,0,0,0,0,7,1,1,0,0,0
70306,3,0,0,0,1,3,2,0,1,0,2,2,1,0
70307,3,2,4,0,5,10,1,3,65,10,52,9,6,12
70308,4,20,3,4,1,11,17,7,6,8,8,12,2,9
70309,4,2,3,0,1,1,4,6,1,1,1,8,1,0
70310,1,0,5,0,2,0,0,1,41,0,0,2,5,3
70316,1,0,0,0,0,0,0,0,0,0,1,0,1,0
70318,1,1,1,0,0,2,0,0,0,2,2,1,0,0
70321,0,0,0,0,0,0,0,0,0,0,0,0,0,1
70322,0,0,0,0,0,0,0,0,0,0,1,0,0,0
70327,0,0,0,0,0,0,1,0,0,1,0,2,0,0
70329,0,0,0,0,0,0,0,0,0,0,0,0,1,0
70337,0,0,0,0,0,0,0,0,0,1,0,0,0,0
70340,0,0,0,0,0,0,0,0,0,0,0,0,0,0
70342,6,7,0,0,1,5,9,2,0,2,3,17,2,0
70343,1,10,1,1,0,2,24,1,0,4,0,5,0,1
70344,9,8,6,10,4,4,12,18,3,8,5,5,37,3
70345,21,7,4,4,32,7,12,10,6,13,46,20,60,8
70346,78,104,35,31,36,83,142,224,3,86,37,105,332,34
70347,137,67,15,352,3,70,40,100,3,128,7,171,108,83
70348,55,82,5,15,4,50,100,38,0,33,2,48,15,14
70349,19,1,1,30,0,5,1,6,1,3,2,8,1,1
70350,135,34,16,181,14,34,48,56,1,77,27,69,44,15
70352,3,1,0,0,0,2,0,0,0,1,1,3,1,0
70353,1,0,1,0,0,1,0,0,0,0,2,1,5,3
70355,2,0,1,0,0,1,1,1,1,1,9,1,3,0
70358,0,2,0,0,0,1,3,0,0,0,1,0,1,0
70359,0,0,0,1,0,0,0,0,0,0,0,0,0,0
70363,1,0,0,0,0,0,0,1,0,0,2,0,0,0
70367,4,0,4,0,0,0,1,5,0,0,0,0,1,2
70368,4,0,0,0,0,2,0,1,0,0,0,0,0,0
70369,0,0,0,0,0,0,1,0,0,0,0,0,0,0
70380,0,0,0,0,0,0,0,0,0,0,3,0,0,0
70384,0,0,1,0,0,0,0,0,0,0,0,0,0,0
70443,0,0,0,0,0,0,0,0,0,0,1,0,0,0
70624,0,0,0,0,0,0,1,0,0,0,0,0,0,0
70680,0,0,0,0,1,0,0,0,0,0,0,0,0,0
70681,0,0,0,0,0,1,0,0,0,0,0,0,0,0
70682,1,10,6,0,4,0,2,2,0,0,4,0,0,1
70683,4,16,2,0,0,1,2,3,1,1,0,4,10,2
70695,0,0,0,0,0,0,0,0,0,0,0,1,0,0
70696,0,0,0,0,0,0,0,0,0,0,0,0,0,1
70701,0,0,0,0,0,0,0,0,0,0,2,0,0,0
70703,4,0,2,0,3,2,1,3,20,0,15,3,8,1
70706,0,0,0,0,1,0,0,1,0,0,2,0,0,0
70710,1,0,0,0,0,0,1,0,0,0,0,1,0,0
70711,0,2,0,0,0,0,0,0,0,0,0,1,0,0
70712,2,2,0,0,0,0,2,1,0,1,0,0,0,0
70713,0,0,0,0,0,0,0,1,0,0,0,0,0,0
70715,2,0,0,0,0,0,0,0,0,0,0,0,0,0
70716,2,1,1,1,8,4,0,2,1,5,2,3,5,3
70717,2,2,1,0,0,1,4,2,0,0,0,1,0,2
70718,44,27,11,14,16,30,98,57,1,40,14,45,44,12
70719,11,16,1,2,7,5,29,15,0,6,8,14,7,2
70720,5,3,27,2,9,3,10,7,1,5,1,3,16,8
70721,10,0,1,2,1,2,0,5,0,2,0,4,0,38
70722,44,35,9,13,5,25,71,47,2,31,5,36,13,4
70723,133,57,14,87,5,32,116,88,2,66,6,24,42,25
70724,11,7,3,1,7,7,2,11,1,1,8,10,4,0
70725,2,2,0,0,6,0,3,0,0,3,7,5,1,0
70726,2,2,0,0,10,1,0,3,11,2,10,2,1,0
70727,0,0,0,0,0,0,3,0,0,1,0,0,0,1
70729,0,0,0,0,0,1,0,0,0,0,0,0,0,0
70730,0,0,0,0,0,1,7,0,0,2,1,0,0,0
70732,0,0,0,1,0,1,0,0,0,1,0,1,0,0
70737,6,6,0,1,4,4,13,2,0,0,5,1,5,0
70738,0,0,0,0,0,0,1,1,0,0,0,0,0,0
70740,1,0,2,0,6,0,0,2,3,2,8,3,4,2
70741,0,0,0,0,1,2,0,0,0,0,0,0,2,1
70744,0,0,0,0,0,0,0,0,2,1,2,0,2,0
70818,0,0,0,0,0,0,2,1,0,0,0,0,0,0
70977,0,0,0,0,2,0,0,0,3,1,0,0,2,0
70994,0,0,1,0,0,0,0,0,2,0,0,0,0,1
70995,0,0,1,0,0,0,0,0,0,0,0,0,0,0
71054,0,0,0,0,0,0,0,0,0,0,0,0,0,1
71067,0,1,0,1,2,0,0,0,4,0,2,1,1,0
71069,0,0,0,0,0,0,1,0,0,0,0,0,1,0
71070,1,0,0,0,1,0,1,0,0,0,0,2,0,2
71073,3,0,0,0,1,0,0,3,0,2,0,0,0,1
71076,0,0,0,2,0,5,1,0,0,0,2,0,0,1
71083,0,1,0,0,0,0,0,0,0,0,0,0,0,0
71087,6,5,7,1,15,5,4,11,1,5,17,8,4,2
71088,15,11,1,3,2,5,21,8,0,5,9,25,3,0
71089,1,3,0,1,0,1,6,0,0,1,0,0,0,1
71090,0,0,0,0,0,0,0,0,0,0,0,1,0,1
71091,5,5,0,0,1,1,21,4,0,2,1,1,0,1
71092,12,41,2,2,7,13,85,12,0,23,9,34,3,5
71093,29,51,2,10,4,26,85,31,0,22,6,33,26,5
71094,0,1,0,0,1,0,0,0,0,0,4,0,1,0
71095,1,0,1,2,1,0,1,2,9,2,0,4,4,2
71096,2,0,0,0,0,0,0,0,0,0,0,1,1,0
71097,200,107,27,35,26,109,53,103,4,70,20,62,54,16
71098,24,20,2,3,2,56,22,17,0,16,13,21,3,1
71099,0,0,0,0,2,0,0,1,0,1,1,3,1,0
71101,1,1,1,2,0,0,5,0,0,0,0,0,0,1
71102,0,0,0,0,0,0,0,0,0,0,1,0,0,0
71103,0,0,0,0,0,1,0,0,0,0,0,0,0,0
71104,0,0,0,1,0,0,0,0,0,0,1,0,0,0
71106,6,0,0,0,0,1,0,0,0,1,1,5,1,1
71107,1,0,0,0,0,1,0,0,0,0,0,1,0,1
71110,0,1,0,1,0,4,1,11,3,2,0,3,6,0
71111,0,0,0,0,0,1,0,0,0,0,0,3,0,1
71117,0,0,0,0,0,2,0,0,0,0,0,0,0,0
71120,1,0,0,0,0,0,0,0,0,0,0,0,0,0
71123,0,0,0,0,0,0,0,1,0,0,0,0,0,0
71125,0,1,0,0,0,0,0,0,0,0,0,0,0,0
71126,0,0,0,0,0,0,0,0,0,0,0,1,0,0
71128,0,0,0,0,1,1,0,1,0,0,0,0,0,0
71129,0,0,1,0,4,0,1,0,0,0,0,0,0,1
71132,0,0,0,0,1,0,0,0,0,0,0,0,0,0
71133,1,0,0,0,0,2,0,0,0,0,0,1,0,0
71192,0,0,0,0,0,0,0,0,0,0,0,0,0,1
71427,6,0,25,2,8,9,7,8,131,14,16,19,28,6
71428,3,7,0,0,0,1,1,0,3,4,5,2,0,4
71438,2,1,0,0,0,1,0,0,0,3,2,1,2,0
71444,1,0,0,1,0,1,0,0,0,0,1,0,0,1
71445,0,0,0,0,0,0,0,0,0,0,0,0,0,0
71449,1,0,0,0,0,0,1,0,0,0,0,0,0,0
71453,1,0,0,0,0,5,0,2,0,1,3,6,0,0
71454,0,0,0,0,0,0,0,1,0,0,0,0,0,0
71455,12,1,2,0,1,15,3,3,0,2,0,5,0,0
71456,3,0,1,0,0,5,0,1,0,2,0,1,0,2
71457,1,0,0,0,0,0,0,0,1,0,0,1,0,0
71458,0,0,0,0,1,0,0,0,0,0,0,0,0,0
71459,0,0,1,2,0,0,1,0,0,2,0,0,0,0
71460,3,2,0,0,0,5,2,0,0,1,0,4,0,1
71461,5,2,0,3,0,27,4,2,0,5,1,11,0,0
71462,3,0,0,0,0,1,3,1,0,0,0,1,0,1
71463,0,1,0,0,0,0,1,1,0,0,0,0,0,0
71464,0,3,0,0,0,2,6,0,0,2,1,1,1,2
71465,0,4,1,0,3,0,1,2,0,1,5,0,1,0
71466,2,8,0,1,0,15,4,4,0,3,0,5,0,0
71467,11,9,1,1,0,5,4,4,0,5,2,5,0,1
71468,6,2,0,0,0,5,5,6,0,4,1,12,1,1
71471,23,42,1,4,1,10,60,17,2,6,11,10,13,3
71472,52,33,7,71,1,45,17,29,1,27,5,41,9,20
71473,12,20,2,4,1,2,6,10,0,4,1,2,1,11
71474,1,0,0,0,0,0,0,0,0,0,0,0,0,2
71475,0,1,0,1,1,1,0,1,0,1,0,1,1,4
71476,1,0,0,0,0,0,0,0,0,0,3,0,1,0
71477,0,0,0,0,0,0,0,0,0,0,0,0,0,0
71480,0,0,2,0,1,0,0,1,1,0,0,0,2,0
71481,0,0,0,1,0,0,0,1,0,1,0,0,0,0
71484,3,18,1,2,1,3,3,8,0,6,0,4,9,1
71485,5,1,1,2,0,10,4,1,0,0,0,3,0,0
71490,1,2,0,0,15,3,1,1,1,1,1,1,0,1
71491,7,0,0,0,0,0,0,2,0,0,0,0,0,1
71494,0,0,0,0,0,0,0,1,0,1,0,0,0,0
71497,0,0,3,0,0,0,0,0,0,0,0,0,0,0
71503,2,1,0,0,0,3,1,2,0,1,5,4,2,0
71509,0,0,0,0,0,1,0,0,0,1,1,0,0,0
71697,0,0,1,0,0,0,0,0,1,0,0,0,0,0
71800,0,0,0,0,3,1,0,0,34,0,5,2,0,2
71803,0,0,1,0,0,0,0,0,0,0,0,0,0,0
71804,0,0,0,0,0,0,0,1,1,0,2,0,2,0
71810,1,0,16,0,0,2,0,2,0,2,0,2,6,0
71835,8,8,0,0,26,5,29,9,0,1,1,33,1,3
71836,13,5,0,0,0,4,14,4,0,5,2,1,1,1
71837,1,0,0,0,0,0,0,1,0,1,0,0,0,0
71839,3,0,0,0,0,10,0,0,0,4,0,0,1,0
71841,24,9,1,0,1,6,4,9,0,6,2,1,1,0
71842,1,0,0,0,0,1,0,0,0,1,0,0,0,0
71844,7,2,0,0,7,3,9,1,0,2,1,7,1,8
71846,6,18,2,4,1,1,9,8,0,4,4,5,1,1
71847,21,7,3,11,0,6,8,7,0,5,3,5,1,3
71848,2,0,0,0,0,1,0,0,0,0,0,0,0,0
71851,16,9,2,5,0,9,10,7,0,4,1,9,0,5
71853,1,2,1,1,0,4,5,1,0,1,1,1,2,14
71856,2,0,1,0,0,0,0,2,1,0,0,0,0,0
71857,6,0,0,8,0,4,1,4,0,10,0,10,0,0
71858,0,1,0,0,0,0,1,0,0,0,0,0,0,0
71859,1,0,0,0,0,1,0,0,0,0,0,0,0,0
71860,1,1,0,0,1,0,1,0,0,1,0,2,0,1
71861,1,0,1,0,0,1,0,0,0,0,0,0,1,0
71864,2,1,1,0,2,1,2,6,0,1,6,5,0,1
71866,0,0,0,0,0,1,0,0,0,0,0,0,0,0
71869,0,1,1,1,0,3,1,1,0,1,0,0,0,0
71870,3,1,1,0,0,0,0,9,0,0,0,1,0,1
71875,1,0,0,0,0,0,0,0,0,0,0,0,0,0
71876,7,1,0,3,0,8,0,3,0,3,1,4,0,3
71877,0,0,0,0,0,0,1,0,0,0,0,0,1,0
71878,3,1,1,0,0,1,3,1,1,1,0,2,1,0
71883,0,0,0,0,0,0,0,0,0,0,0,0,0,0
72186,0,0,0,1,1,0,0,0,0,0,1,0,0,0
72188,0,0,0,1,0,0,0,1,0,0,0,1,0,0
72195,2,0,0,0,0,0,0,0,0,0,0,0,0,0
72199,4,2,5,1,0,18,2,3,0,3,0,7,1,66
72201,0,0,0,0,0,0,0,0,0,0,7,4,0,0
72204,0,0,0,0,0,0,1,0,0,0,0,0,0,0
72207,0,0,0,0,0,0,0,0,0,0,0,1,0,0
72208,0,0,0,0,0,3,0,0,0,0,0,0,0,0
72209,1,0,0,0,0,0,0,0,0,0,0,2,0,0
72210,12,9,1,0,1,1,16,6,0,6,1,9,0,0
72211,20,14,4,41,3,10,3,22,4,13,5,19,9,5
72212,1,0,0,0,0,1,10,0,0,0,0,1,0,1
72214,0,1,1,0,0,0,2,1,0,0,0,0,0,0
72215,6,10,0,1,0,4,28,5,0,2,1,3,3,0
72216,22,12,11,6,28,11,17,19,1,12,19,15,12,5
72217,8,9,1,0,0,3,5,10,0,2,1,2,2,0
72218,5,0,0,0,0,15,1,1,0,3,0,2,1,0
72220,0,1,0,0,0,0,0,3,0,0,1,0,1,0
72221,15,4,9,8,3,7,4,13,0,9,1,4,2,0
72222,0,0,0,0,0,0,0,0,0,0,1,0,0,0
72223,9,0,14,18,4,4,1,1,1,4,0,9,8,7
72224,0,0,0,0,2,0,0,0,0,0,0,0,0,0
72231,1,0,0,0,0,0,0,2,0,1,0,0,0,0
72233,0,0,0,0,0,0,0,0,0,0,3,0,0,0
72235,0,0,0,0,0,0,0,0,0,1,0,0,0,0
72237,0,1,0,0,0,0,0,0,0,2,0,0,0,0
72238,19,10,5,2,15,22,15,14,5,10,18,45,14,9
72241,2,1,0,0,0,0,1,3,0,1,1,0,2,0
72242,0,0,0,0,0,0,1,0,0,0,0,0,0,0
72243,0,0,2,0,0,0,0,0,0,1,0,0,0,0
72244,2,0,1,0,0,0,0,2,0,0,0,1,0,0
72252,0,0,0,0,0,0,0,0,0,0,0,1,0,0
72260,22,3,5,1,1,13,1,8,5,17,17,21,12,5
72503,0,0,0,0,0,0,0,0,2,0,0,0,0,0
72554,4,5,6,1,0,3,1,4,0,5,0,1,0,4
72555,0,0,0,0,2,1,0,0,1,0,0,2,1,0
72556,7,3,15,1,20,3,1,3,170,16,13,13,25,6
72562,0,0,7,0,0,0,0,0,4,0,0,0,1,0
72569,0,0,1,0,0,1,0,0,0,0,0,1,0,0
72571,0,0,1,0,0,0,0,0,0,0,0,0,1,0
72575,0,0,0,0,0,0,2,0,0,0,0,0,0,0
72580,0,0,0,0,1,0,0,0,0,0,2,0,0,0
72583,2,0,1,0,3,1,2,0,0,0,1,1,0,0
72585,6,0,5,0,15,2,0,4,6,7,16,6,9,6
72586,1,0,0,0,0,0,0,0,0,0,0,0,0,0
72589,0,0,0,0,0,0,0,0,2,0,3,1,2,0
72593,5,6,2,0,0,1,0,2,0,1,1,0,0,7
72594,1,0,0,0,0,0,0,3,0,4,0,0,0,1
72595,0,1,0,0,0,0,2,0,0,0,2,0,0,0
72596,0,0,0,1,0,1,0,1,0,0,0,0,1,0
72597,0,0,0,0,0,0,0,0,0,0,2,0,4,0
72599,41,5,67,69,5,19,1,17,0,15,2,10,9,13
72600,0,0,0,0,0,0,0,0,0,0,0,0,0,1
72601,12,6,0,5,1,2,37,10,3,8,7,12,12,3
72602,2,1,1,0,0,1,0,0,0,0,0,1,0,0
72603,0,0,0,0,0,0,0,0,0,1,0,1,0,0
72610,1,0,0,0,0,2,0,0,1,1,0,2,0,3
72612,13,7,2,1,5,7,5,6,0,4,0,13,2,0
72613,2,1,1,0,1,0,2,0,0,0,0,2,3,0
72620,0,0,0,0,0,0,0,0,0,0,0,1,0,0
72621,0,0,0,0,0,0,0,0,0,0,0,0,0,1
72622,0,0,0,0,0,0,0,0,0,0,0,1,0,0
72634,0,0,0,0,0,0,0,0,0,0,0,0,0,1
72635,0,0,1,0,0,0,0,1,0,0,0,0,0,0
72912,4,0,12,1,11,12,2,5,108,6,43,11,11,4
72938,0,0,0,0,0,0,0,0,0,0,0,0,1,0
72945,1,0,0,0,0,0,1,2,0,0,1,1,0,0
72946,0,2,0,0,0,0,0,0,0,3,0,0,0,10
72949,2,0,1,0,0,2,0,1,0,0,0,2,1,3
72951,0,0,0,0,0,0,1,0,0,0,0,0,0,0
72952,0,0,0,0,0,0,0,0,0,0,0,1,0,0
72958,0,0,0,0,0,0,1,0,0,0,0,0,0,0
72960,1,0,1,0,0,0,0,1,0,1,0,0,0,0
72961,1,0,1,0,4,1,0,1,2,2,2,1,4,3
72962,0,0,1,1,0,0,0,0,3,1,3,0,1,2
72963,0,0,0,0,0,0,0,0,1,0,0,0,0,0
72964,0,0,0,0,0,0,0,0,0,0,0,1,0,0
72965,3,0,0,1,0,0,0,0,1,3,0,1,3,0
72966,1,1,0,0,0,0,2,0,0,0,0,0,0,0
72967,27,12,5,3,17,18,11,29,5,14,26,12,15,2
72969,0,0,0,0,0,1,1,0,0,0,1,0,0,0
72970,1,0,1,0,0,0,0,0,0,1,0,0,0,1
72972,1,0,0,0,0,0,0,1,0,1,0,1,0,0
72974,1,3,0,0,0,0,3,4,0,1,0,0,0,0
72975,1,0,9,0,0,0,0,1,0,0,0,0,0,1
72976,1,1,0,0,0,0,0,1,0,0,0,0,0,0
72977,1,0,0,0,0,0,1,0,0,0,0,1,0,0
72979,0,0,0,0,0,0,0,1,0,0,0,0,0,0
72985,0,0,0,0,0,0,2,1,0,0,0,1,0,0
72986,0,0,0,0,0,0,1,0,0,0,0,0,0,0
72988,2,2,0,0,0,0,12,3,0,0,1,2,0,1
72989,1,1,0,0,1,1,7,1,0,2,0,2,0,0
72997,0,0,0,0,0,0,0,0,0,0,1,0,0,0
72999,0,0,0,1,0,0,0,0,0,0,1,0,0,0
73000,0,0,0,0,0,0,0,0,0,0,1,0,0,0
73004,0,0,0,0,1,0,0,0,0,0,0,0,0,0
73008,0,0,1,0,0,0,0,0,0,1,0,1,1,5
73009,0,1,0,0,0,0,1,0,0,0,1,0,0,0
73010,3,0,0,0,0,0,0,0,0,0,1,1,1,0
73012,0,0,0,0,0,0,1,2,0,0,2,0,3,4
73045,0,0,0,0,0,0,1,0,0,0,0,0,0,0
73259,0,1,0,0,0,0,0,0,0,1,0,0,0,0
73261,0,0,0,0,0,0,0,0,0,2,0,0,0,0
73315,0,0,0,0,0,0,0,0,1,1,1,0,1,0
73327,0,0,0,0,0,0,1,0,0,0,0,0,0,1
73332,0,0,0,0,0,0,1,0,0,1,0,1,2,0
73333,0,0,0,0,0,1,2,1,0,0,0,0,0,0
73334,0,0,0,0,2,0,0,0,0,0,0,0,0,0
73337,1,0,0,0,0,0,0,0,0,0,0,1,0,0
73341,16,1,2,3,2,17,7,11,1,14,17,19,8,22
73342,0,0,0,0,0,0,0,0,0,0,0,2,0,0
73343,1,0,0,0,0,0,0,0,0,0,0,0,1,0
73344,1,0,0,0,1,0,0,0,0,0,5,0,0,0
73345,7,3,1,0,0,0,0,2,0,0,0,0,0,1
73348,1,0,1,0,0,0,0,1,2,2,0,1,0,11
73352,0,0,0,0,0,0,0,0,0,0,0,0,1,0
73353,0,0,0,2,0,0,0,0,0,1,0,2,0,0
73354,0,0,1,0,0,0,0,0,0,0,0,0,0,0
73360,0,0,0,1,0,0,0,0,0,0,0,1,0,0
73362,5,1,1,1,2,1,1,0,0,1,0,2,0,1
73365,2,0,0,0,1,0,0,0,0,0,0,0,0,0
73366,1,0,0,1,0,2,0,2,0,1,1,1,0,4
73379,0,0,0,0,0,1,0,1,0,0,0,1,0,0
73380,2,0,0,1,0,0,0,0,0,0,0,0,0,0
73423,0,0,3,0,0,0,0,0,1,0,0,0,3,0
73625,0,0,0,0,0,0,0,0,1,0,0,0,1,0
73629,0,0,0,0,0,0,0,1,1,0,0,0,0,0
73697,0,0,0,0,0,1,0,0,0,0,0,0,0,0
73702,0,0,0,0,0,1,1,0,0,1,0,2,0,0
73703,6,1,0,0,1,4,0,2,1,0,0,0,0,14
73705,1,0,0,0,0,2,0,0,0,4,0,2,0,6
73712,0,1,0,0,0,0,1,0,0,0,0,0,0,0
73715,0,0,0,0,0,0,0,0,0,0,0,0,2,0
73718,10,4,5,98,3,10,0,6,0,15,0,27,4,6
73723,2,0,0,0,0,1,0,1,4,9,4,0,9,0
73726,1,0,0,0,0,0,0,0,0,0,0,0,0,0
73727,2,0,1,0,0,0,0,1,0,0,0,0,0,0
73736,0,0,0,0,0,0,0,0,0,0,1,0,1,3
73740,0,2,0,0,0,0,0,2,0,0,0,0,0,0
73745,19,1,3,0,8,11,0,6,1,9,7,16,4,6
73749,0,0,1,0,0,1,0,0,0,0,0,0,0,0
73757,1,0,0,0,0,0,0,0,0,0,0,0,0,0
73952,4,0,6,0,4,0,0,2,47,2,7,3,6,2
73997,0,0,1,0,0,1,0,1,0,0,0,1,0,0
74001,8,1,3,2,0,7,5,9,3,8,1,15,5,5
74002,0,1,0,0,0,0,0,3,0,0,0,0,0,0
74003,0,0,0,0,0,1,4,1,0,0,0,2,0,0
74014,0,0,0,0,0,0,0,0,0,0,1,0,0,0
74048,0,0,0,0,5,0,0,0,0,0,0,0,0,0
74061,0,0,1,0,2,0,0,0,3,0,2,0,0,0
74064,1,0,0,0,1,0,0,0,2,0,1,1,2,2
74065,0,0,0,0,0,0,0,1,0,0,0,0,0,4
74067,0,0,1,0,0,1,1,0,0,0,0,0,0,0
74069,0,0,0,0,0,0,0,1,0,0,0,0,0,0
74071,10,5,5,1,4,2,11,8,0,9,20,11,13,0
74072,2,1,0,0,0,1,2,0,0,0,0,1,1,0
74073,0,0,1,0,0,0,0,0,0,0,0,0,0,0
74074,0,0,1,0,0,1,0,0,0,0,0,0,0,0
74075,0,2,0,0,0,0,2,1,0,1,0,1,0,0
74076,1,0,1,0,0,2,0,1,0,1,0,0,0,20
74088,3,0,2,0,1,0,0,4,0,2,1,3,2,0
74089,2,0,0,0,0,1,1,0,0,0,0,0,0,1
74091,0,0,0,0,0,0,1,0,0,0,0,0,0,0
74094,0,0,0,0,0,0,0,1,0,3,0,0,2,0
74098,0,0,0,0,0,1,0,0,0,2,0,0,0,0
74121,0,0,0,0,0,0,0,0,0,0,0,0,1,0
74354,0,0,0,0,0,0,0,1,0,0,0,0,0,0
74357,0,0,0,0,0,0,1,1,0,0,0,0,0,0
74407,0,0,0,0,0,0,0,0,0,0,0,1,0,0
74427,1,0,0,0,0,0,0,0,1,0,2,0,0,0
74429,0,3,0,0,0,0,3,0,0,0,0,1,0,0
74430,0,1,0,2,0,1,0,1,0,0,0,1,0,1
74444,1,0,0,1,0,0,1,0,0,0,0,0,0,0
74445,4,0,0,5,1,2,0,3,0,1,0,1,1,0
74446,0,0,0,0,0,0,0,0,0,0,1,0,1,0
74448,0,0,0,0,0,1,0,1,0,0,0,0,0,0
74455,0,0,0,0,0,0,0,0,0,0,0,0,0,0
74456,0,0,1,0,0,1,0,1,0,0,0,0,1,2
74457,0,0,0,0,0,0,0,0,0,1,0,0,0,0
74458,0,0,0,1,0,0,0,0,0,0,0,0,0,0
74459,0,0,1,0,0,0,0,0,0,0,0,0,0,0
74461,6,1,7,12,0,15,4,11,2,11,0,39,11,212
74467,0,0,0,0,0,0,0,0,0,0,1,0,0,0
74699,0,0,0,0,0,0,0,0,0,1,2,0,1,0
74743,0,0,0,0,0,0,0,0,2,0,0,0,1,0
74755,1,0,1,0,2,0,0,0,1,0,0,1,0,1
74759,0,1,0,0,0,0,0,0,1,0,0,2,0,0
74760,0,0,0,0,0,0,0,0,0,1,0,1,0,0
74766,5,2,1,1,1,2,3,3,0,1,6,6,1,0
74769,0,0,0,0,0,2,0,0,0,1,0,1,0,1
74785,0,0,1,0,0,0,0,0,0,0,1,0,3,0
74792,1,1,0,0,0,0,0,0,1,1,6,0,0,0
74794,5,6,1,0,0,0,0,6,0,0,2,0,0,0
74795,0,0,1,0,0,0,0,0,0,0,0,0,0,0
74803,0,0,1,0,0,0,0,0,0,0,0,0,0,0
74829,0,0,0,0,0,0,2,1,2,1,0,1,2,0
74831,2,0,0,0,0,0,0,1,0,0,0,0,1,0
75029,0,0,1,0,3,1,0,0,23,1,1,4,0,0
75107,0,0,0,0,1,0,0,0,0,0,0,0,0,0
75108,0,0,0,0,0,0,1,0,0,1,0,1,0,0
75109,0,0,0,0,0,0,0,0,0,0,0,1,0,0
75110,4,0,0,0,0,5,1,2,0,1,0,1,1,3
75111,0,0,0,1,0,1,0,1,1,0,0,0,0,0
75124,0,0,0,0,0,0,0,2,0,0,0,1,0,0
75129,0,0,0,0,0,0,0,0,0,0,0,1,0,0
75131,0,0,0,0,0,0,0,0,0,0,0,0,0,0
75140,3,0,2,0,0,0,0,0,0,0,0,0,0,0
75142,0,0,3,0,0,0,0,0,0,0,0,0,0,0
75158,1,1,1,0,17,0,0,1,18,0,12,0,3,0
75436,0,0,12,0,5,0,0,0,35,0,13,3,8,1
75448,2,0,0,2,0,1,0,0,0,1,0,4,1,9
75450,0,1,1,0,0,1,0,1,1,0,1,0,0,1
75453,0,0,0,0,0,0,0,1,2,0,3,0,0,1
75457,3,1,0,0,0,0,0,0,0,1,0,0,0,13
75473,1,0,0,0,1,2,0,2,0,1,4,2,0,0
75481,0,0,0,0,0,0,0,0,0,0,0,2,0,0
75483,3,1,2,0,8,4,0,3,0,0,0,3,1,1
75484,2,5,0,0,0,0,2,6,0,1,0,0,2,0
75487,1,0,0,0,0,0,0,0,0,0,0,0,0,1
75491,1,2,0,2,0,5,6,3,0,3,2,2,0,0
75526,1,0,0,0,0,1,0,0,0,0,0,0,0,0
75528,0,0,1,0,0,0,0,0,0,0,0,0,1,0
75585,0,0,0,0,0,1,0,0,0,0,0,0,0,0
75803,1,0,0,0,0,0,0,0,0,0,0,0,0,1
75805,0,2,1,0,1,2,0,1,0,0,4,1,2,0
75815,1,0,0,0,0,0,0,0,0,0,1,0,1,0
75816,1,0,0,0,0,0,0,0,1,0,1,2,0,0
75818,11,2,3,4,0,3,0,6,0,1,2,4,3,1
75823,4,0,0,0,0,2,0,0,0,0,1,2,1,2
75825,0,0,0,1,0,1,0,1,0,4,0,1,1,12
75826,0,0,0,0,0,0,1,0,0,0,0,0,0,0
75829,0,0,1,0,0,0,0,1,0,1,0,1,0,14
75836,0,1,4,0,0,2,1,1,0,1,0,1,0,0
75843,1,0,0,0,0,0,0,0,0,0,0,0,1,1
75871,1,0,1,0,0,0,1,1,0,1,1,2,0,2
76146,0,0,0,0,0,0,0,0,0,0,1,0,0,0
76161,0,0,0,0,1,2,0,1,3,1,8,2,0,0
76164,1,0,0,5,0,1,0,1,0,1,0,1,1,0
76168,1,0,0,0,0,0,1,2,0,0,0,1,0,0
76169,1,1,0,0,0,0,0,1,0,0,0,1,0,0
76170,0,0,0,0,0,0,0,0,0,0,0,1,0,0
76172,5,1,0,1,0,1,1,1,0,0,1,0,0,0
76173,1,0,0,0,0,0,0,2,0,3,0,0,1,0
76174,0,0,0,0,0,0,2,1,0,0,0,0,0,0
76177,0,0,0,0,0,2,1,0,0,2,0,2,0,2
76180,0,0,18,1,0,1,0,0,0,1,1,2,0,2
76182,0,1,0,0,0,0,0,1,0,0,0,0,0,0
76187,0,0,0,0,0,0,0,0,1,1,1,1,0,1
76189,0,0,0,0,0,1,0,0,0,0,0,0,0,0
76192,0,0,0,0,0,3,0,0,0,0,0,0,0,0
76194,0,0,0,0,0,0,0,0,0,0,0,2,0,0
76202,1,0,0,0,0,0,0,0,5,1,7,0,4,1
76217,0,0,0,0,0,0,0,0,0,0,0,1,0,0
76218,1,0,0,0,0,0,0,0,0,0,0,0,0,0
76449,0,0,0,0,0,1,0,0,1,1,1,0,1,0
76453,1,2,9,0,27,12,2,3,125,13,76,12,10,8
76495,0,0,2,0,0,1,0,0,0,0,1,0,0,0
76504,3,1,0,0,3,0,0,2,1,3,1,0,1,1
76516,10,3,4,1,4,5,6,6,3,3,10,10,12,0
76521,0,0,0,0,0,0,0,1,0,0,0,0,0,0
76522,0,0,0,0,0,0,0,0,0,1,0,1,0,0
76523,0,0,0,0,0,0,0,2,0,0,0,1,0,0
76526,0,0,1,0,0,0,0,0,0,0,0,1,0,0
76531,0,0,0,0,0,0,0,0,0,0,1,0,0,0
76538,0,1,0,0,0,0,1,0,0,0,0,2,0,0
76550,0,0,0,0,12,0,0,0,12,1,22,0,2,0
76757,1,2,8,0,8,4,1,4,279,5,11,5,2,6
76786,0,0,0,0,1,1,0,0,0,0,0,1,0,1
76837,0,0,0,0,0,0,0,0,1,0,0,0,0,0
76840,0,0,0,0,3,1,0,0,0,0,0,1,0,1
76855,0,0,0,0,0,1,0,0,0,0,0,0,0,0
76856,0,0,0,0,0,0,0,0,0,0,0,3,0,0
76859,1,0,0,0,0,0,6,1,0,0,0,1,0,0
76860,0,0,0,0,0,0,0,0,0,0,0,0,0,1
76870,0,0,0,0,0,0,0,0,0,0,0,0,0,0
76872,1,0,3,0,0,0,0,0,0,1,0,0,0,0
76915,0,1,0,0,0,0,0,1,0,0,1,0,1,1
76916,0,1,0,0,0,0,0,0,0,0,0,0,2,1
76919,0,0,0,0,0,0,0,0,0,0,0,1,0,0
76921,0,0,1,0,0,0,0,0,0,0,0,0,0,0
77130,0,0,0,0,0,0,0,0,0,0,0,2,1,0
77139,0,0,0,0,1,0,0,0,6,1,1,2,0,0
77171,0,0,0,0,1,0,0,0,0,0,0,0,0,0
77203,0,1,0,0,0,0,1,1,0,0,1,0,0,0
77205,1,1,0,0,6,2,3,1,3,1,1,1,3,0
77208,0,0,0,0,0,0,0,0,0,1,0,0,0,0
77211,2,0,0,0,0,0,0,0,0,0,0,2,0,0
77213,0,0,0,0,1,0,0,0,2,0,0,0,0,0
77216,0,1,0,0,0,1,0,1,0,1,0,2,0,5
77218,0,0,0,0,0,0,0,0,0,0,2,0,1,0
77220,0,0,1,0,0,1,0,0,0,0,0,0,0,0
77267,1,1,0,0,0,1,6,3,1,0,0,0,0,0
77268,10,2,5,3,0,5,11,24,5,4,1,10,13,3
77269,0,0,1,0,0,0,0,0,0,0,0,1,0,0
77542,1,2,2,0,0,0,0,3,4,1,2,3,0,0
77544,3,0,0,5,1,3,1,0,0,2,0,9,1,4
77547,0,0,0,0,0,1,0,0,0,0,0,0,0,0
77548,0,0,0,0,0,0,0,0,0,0,0,0,1,0
77550,1,0,0,0,0,3,0,1,1,0,1,1,1,0
77559,0,0,0,0,0,0,0,0,0,0,0,0,0,0
77592,0,0,0,0,0,0,0,1,0,0,0,0,0,0
77888,1,0,0,0,0,1,0,0,0,0,0,1,0,1
77891,0,0,0,0,0,0,0,0,0,0,0,1,0,0
77894,4,1,0,5,0,2,0,2,0,3,0,2,0,0
77895,0,0,2,2,0,2,3,9,0,2,0,4,0,8
77896,0,0,0,0,0,0,0,1,0,0,0,0,0,0
77897,1,1,0,0,0,0,0,0,0,1,0,2,0,0
77898,0,0,0,0,0,0,1,0,0,0,0,3,0,0
77950,1,1,0,0,0,2,2,3,0,3,0,2,1,0
78228,0,0,0,0,0,0,0,1,0,0,0,0,0,0
78230,0,0,0,0,0,1,0,0,0,0,0,0,0,0
78237,0,0,0,0,0,2,0,0,0,0,0,0,0,0
78241,0,0,0,0,0,0,1,0,0,1,0,0,0,0
78246,0,0,0,0,1,0,0,0,0,0,0,0,1,0
78251,1,0,1,1,0,1,0,1,0,0,0,1,0,0
78290,370,151,220,25,68,247,97,303,172,221,46,442,839,85
78527,0,0,0,0,0,0,0,1,1,0,0,0,0,0
78570,2,0,0,0,0,6,0,0,0,2,0,0,0,0
78572,0,0,0,0,0,0,1,1,0,0,1,0,0,0
78578,0,0,0,0,0,0,1,0,0,0,0,0,0,0
78581,1,0,1,0,0,1,0,2,0,2,1,1,0,0
78590,15,0,2,12,2,4,0,4,0,16,2,19,3,0
78629,2,1,1,1,1,0,3,2,2,0,0,1,4,0
78630,6,4,1,1,0,9,1,9,5,8,3,13,28,0
78631,0,5,0,0,0,0,0,1,0,0,0,0,0,0
78906,0,1,0,0,0,0,1,0,0,0,0,0,1,0
78907,0,0,2,0,1,0,0,0,2,0,1,1,0,0
78911,0,0,0,0,0,0,0,0,0,0,1,0,0,0
78914,0,0,0,0,0,2,0,0,0,1,0,1,0,0
78915,0,0,0,0,0,0,0,0,0,0,0,0,0,0
78918,0,0,0,0,0,0,0,0,0,0,0,2,0,0
78919,1,0,0,0,0,0,0,0,0,0,0,0,0,0
78930,1,0,0,0,0,0,0,1,0,0,0,0,0,0
78970,0,2,0,0,1,0,1,0,0,1,0,1,0,0
78971,6,18,6,0,4,4,16,8,2,8,1,25,21,2
79225,0,0,0,0,0,0,0,2,0,0,0,0,2,0
79247,2,0,1,0,0,0,1,2,0,0,1,1,1,1
79252,0,0,0,0,0,0,2,0,0,0,0,0,0,0
79253,0,0,1,0,0,0,0,0,0,0,0,1,0,0
79254,0,0,0,0,0,0,0,0,0,1,0,0,0,0
79255,0,0,1,0,0,0,0,0,0,0,0,0,1,0
79256,0,0,0,0,0,0,0,1,0,1,0,0,0,0
79259,3,0,1,1,0,3,0,0,3,4,1,1,1,7
79260,0,0,2,0,0,1,0,4,1,1,0,1,0,5
79263,0,0,1,0,0,0,0,0,0,2,0,0,1,0
79588,1,1,1,0,0,0,0,0,1,0,7,1,0,2
79590,0,0,0,0,0,1,0,0,0,0,1,0,0,2
79600,1,0,0,0,0,0,0,0,0,0,0,1,0,0
79601,0,0,0,0,0,0,0,0,1,0,0,0,0,2
79604,0,0,0,0,0,0,0,0,0,0,0,0,0,1
79630,0,0,0,0,0,0,0,0,0,0,0,0,1,0
80258,2,0,7,0,12,6,4,3,7,0,11,4,11,2
80282,3,0,0,0,0,0,1,0,0,0,1,5,0,1
80285,0,0,0,0,0,1,0,0,0,1,0,0,0,0
80293,0,0,0,0,0,0,0,0,0,0,0,0,0,4
80313,1,0,0,0,0,0,0,0,0,0,0,0,0,0
80610,0,0,0,0,0,0,0,0,1,0,0,0,1,0
80614,1,0,2,0,1,0,0,2,0,0,0,0,2,0
80633,15,17,3,7,6,7,6,12,3,21,36,28,6,3
80649,0,0,0,0,0,0,0,0,0,0,0,1,0,0
80653,0,0,0,0,0,1,0,0,0,0,0,0,0,0
80654,0,0,1,0,0,0,0,0,0,0,0,0,0,0
80997,0,0,0,0,0,0,0,0,0,0,0,2,0,1
80999,0,0,1,0,0,1,0,1,1,0,0,4,2,1
81117,0,0,0,0,0,0,0,2,1,0,0,0,0,0
81298,1,0,0,0,0,0,0,0,0,0,1,0,0,1
81329,0,0,0,0,0,1,0,0,0,0,0,1,0,0
81341,1,1,1,0,0,0,0,0,0,1,2,2,0,0
81678,0,0,0,0,1,0,0,0,0,0,0,0,2,3
82258,0,0,0,0,0,0,0,0,0,0,0,0,0,1
82654,0,0,0,0,0,0,0,1,0,0,0,0,0,0
82701,0,0,0,0,0,0,0,0,1,0,0,1,0,0
82991,1,0,0,0,0,2,0,0,1,0,0,1,3,3
83518,1,0,0,0,0,0,0,0,0,0,1,1,1,0
84437,0,0,0,0,2,0,0,0,5,0,8,0,2,0
84679,0,1,1,0,0,1,0,1,5,1,6,0,3,0
84936,0,0,1,0,0,0,0,0,5,0,0,1,2,2
86091,0,0,0,0,0,0,0,0,0,0,0,1,0,0
